id,brand_id,query_id,task_id,url,platform,title,abstract,date,contain_self,sort_index,created_time,updated_time
47,'','',111,https://blog.csdn.net/2501_92406411/article/details/148775092,CSDN,1. 好用的App云测试平台全攻略：从推荐到选择的完整指南 2025调研白皮书_云测 平台有哪些-CSDN博客,一、国内外6种好用App云测平台推荐（附PK对比表） 1. 国内云测平台 1）腾讯Utest优测 网址：https://utest.21kunpeng.com// 核心特点： 支持功能测试、性能测试、兼容性测试等多维度测试，覆盖移动应用全场景。,06-19,0,1,2025-07-15 14:41:24,2025-07-15 14:41:24
48,'','',111,http://blog.csdn.net/weixin_44280696/article/details/146242158,CSDN,2. 开发者关注：软件测试工具有哪些？汇总28款工具_gm测试工具-CSDN博客,其优势在于操作简单、功能强大和灵活的脚本配置，适用于各种场景下的性能测试。 10.TestComplete TestComplete是一款商业自动化测试工具，支持桌面、Web和移动应用的自动化测试。,03-13,0,2,2025-07-15 14:41:24,2025-07-15 14:41:24
49,'','',111,https://www.doit.com.cn/p/533453.html,doit.com.cn,"3. 国内七大AI软件测试平台盘点,洞察行业技术最新趋势-DOIT-数据产业媒体与服务平台","智能体技术,通过多层架构实现测试全流程智能化管理｡在API测试领域,实现测试用例与脚本的自动化生成,采纳率､单接口测试效率大幅提升｡系统通过智能体自动构造多类型测试数据(含正向､异常及边界值场景),实现接口文档自动解析､测试案例生成､测试脚本生成及结果实时回传,构建”文档-用例-数据-脚本-执行”全链路闭环｡同时,平台支持自然语言编写UI测试脚本,结合多模态大模型将复杂控件识别精度提升至99.5%,实现对移动端､Web端､PC端三端自动化测试的全覆盖,使脚本维护成本降低综合测试效能提升3倍｡助力企业构建",04-17,0,3,2025-07-15 14:41:24,2025-07-15 14:41:24
50,'','',111,https://blog.csdn.net/2401_84074215/article/details/137478134,CSDN,4. 分享6个APP/手游自动化测试工具_游戏测试工具-CSDN博客,"成立于2013年,TestBird是国内的第一家手游自动化测试平台,专注为企业提供与移动应用相关的云测试服务､众测服务､TROC自动化测试平台｡",2024-04-07,0,4,2025-07-15 14:41:24,2025-07-15 14:41:24
51,'','',111,https://blog.csdn.net/jack_sujava/article/details/130850125,CSDN,5. 有哪些好用的App云测试平台?_自动化云测平台-CSDN博客,"Testin云测平台是一款基于云端的移动应用测试平台,为移动应用开发者和测试人员提供一站式的移动应用质量保障服务｡ 2. 自动化测试:Testin云测平台集成了自动化测试工具,可以对移动应用进行自动化测试,提高测试效率,减少人力成本｡",2023-05-24,0,5,2025-07-15 14:41:24,2025-07-15 14:41:24
52,'','',111,https://blog.csdn.net/deerxiaoluaa/article/details/144242174,CSDN,6. APP测试必备神器！7款移动应用测试工具终极对决_app性能测试工具-CSDN博客,在当今的数字环境中，移动应用程序正成为日常生活中不可或缺的一部分。我们将移动应用程序用于各种用途，例如社交网络、娱乐、购物、银行业务等。,2024-12-04,0,6,2025-07-15 14:41:24,2025-07-15 14:41:24
53,'','',111,https://blog.csdn.net/2501_92406411/article/details/148774055,CSDN,7. 十三个移动App云测试服务盘点 2025最新移动APP云服务测试白皮书_移动云测试-CSDN博客,一、移动App测试的核心挑战与云测试价值 在移动设备碎片化加剧的背景下，开发者面临三大测试痛点： 设备与系统碎片化：安卓阵营超5000种机型、iOS版本迭代周期缩短至3个月，传统本地测试难以覆盖全场景。,06-19,0,7,2025-07-15 14:41:24,2025-07-15 14:41:24
54,'','',112,https://blog.csdn.net/kk_lzvvkpj/article/details/139836568,CSDN博客,有哪些好用的App云测试平台?_app测试平台-CSDN博客,有哪些好用的App云测试平台？ 原创 使用云测平台有下面4个好处: 1）为移动应用程序的测试和质量保证提供了高效、便捷和可靠的解决方案。 2）有效地降低测试成本和时间，提高测试准确性和测试覆盖率，加速应用程序的上线和推广。 3）可以支持多种测试类型，包括功能测试、自动化测试 、性能测试、兼容性测试、安全测试等。 4）提供了多种自动化测试工具和测试用例设计工具，使得测试人员可以更加轻松地创建和运行测试用例。 为了让大家更好驾驭云测试平台，接下来文章将按照如下结构展开： 1）国内外6种好用app云测平台推荐； 2）日常使用App云测平台的应用测试场景举例； 3）如何选择适合的APP云测平台 4）app测试学习资源推荐 一、国内外6种好用app云测平台推荐（章节末附pk图） 1、国内云测平台 1）Testin云测 网址：https://www.testin.cn/ Testin云测平台是一款基于云端的移动应用测试平台，为移动应用开发者和测试人员提供一站式的移动应用质量保障服务。以下是Testin云测平台的几个特点： 1. 多维度测试：Testin云测平台支持多维度测试，包括功能测试、性能测试、稳定性测试、兼容性测试等等。可以全面覆盖移动应用的测试需求。 2. 自动化测试：Testin云测平台集成了自动化测试工具，可以对移动应用进行自动化测试，提高测试效率，减少人力成本。 3. 测试报告实时生成：Testin云测平台测试完成后，会实时生成详细的测试报告，包括测试结果、问题详情、截图等，方便开发者和测试人员进行问题排查和修复。 4. 支持多种移动平台：Testin云测平台支持iOS、Android等多种移动平台的测试，可以满足不同开发者和测试人员的需求。 5. 专业技术支持：Testin云测平台的团队由一批移动应用测试领域的专业人士组成，可以为用户提供专业的技术支持和咨询服务。 优点： • 拥有丰富的测试场景和设备库，支持大规模的测试并发； • 提供包括UI测试、性能测试、安全性测试、兼容性测试、自动化测试等全方位的测试服务； • 支持各类型的App开发平台，如iOS、Android、HTML5等。 • 支持的语言：Python、Java、Ruby、C#、Swift、Objective-C、JavaScript 缺点： • 部分测试方法可能需要额外收费； • 使用的平台和工具技术门槛较高。 2）蒲公英 网址：https://www.pgyer.com/ 蒲公英平台是一个面向开发者和团队的协作开发平台，提供代码托管、项目管理、协作工具、持续集成等服务，帮助开发团队高效协作、提高软件质量。蒲公英平台的主要功能特点有： 1. 代码托管：支持 Git 和 SVN 两种版本控制系统，可以方便地管理和分享代码库。 2. 项目管理：提供项目管理工具，包括任务管理、日程管理、文档管理、团队协作等功能，帮助团队高效协作。 3. 协作工具：提供在线实时聊天、邮件、讨论组等协作工具，方便团队成员之间的沟通和交流。 4. 持续集成：支持自动化构建、测试和部署，帮助团队实现快速迭代和持续交付。 5. 安全保障：采用多层安全机制，包括防火墙、数据加密、备份和恢复等，保障用户数据安全。 3）百度MTC云测平台 网址为：https://mtc.baidu.com/ 百度MTC云测平台是一款专业的移动应用测试平台，支持Appium、Robotium、Uiautomator框架其主要功能和特点包括： 1. 自动化测试：支持自动化测试，可以快速进行批量测试和全面性能评估，提高测试效率和准确性。 2. 云端测试：支持云端测试，可以随时随地进行测试，节省测试成本和时间。 3. 移动设备支持：支持各种移动设备的测试，包括Android、iOS等主流移动设备。 4. 多维度测试：支持多维度测试，包括性能测试、功能测试、兼容性测试、安全测试等。 5. 测试报告生成：测试完成后，自动生成详细的测试报告，提供给开发人员参考和修复问题。 6. 开放API：提供开放的API接口，方便与其他测试工具和系统进行集成。 7. 数据安全：采用严格的数据安全措施，保护用户数据的安全和隐私。 8. 智能化测试：支持智能化测试，包括自动化测试脚本的录制和回放，大幅度提高测试效率和准确性。 9. 测试任务管理：支持测试任务的管理和追踪，方便用户进行测试任务的分配和跟踪。 2、国外云测平台 1）Firebase Test Lab 网址：https://firebase.google.com/docs/test-lab/ Firebase Test Lab是是一个功能强大、易于使用的云端移动应用测试平台，可以帮助开发人员提高应用程序的质量和稳定性。提供了全面的应用程序测试解决方案，支持Android和iOS平台。Firebase Test Lab可以帮助开发人员自动化和手动化测试应用程序，以便在发布前发现和解决潜在的问题。以下是Firebase Test Lab的主要功能特点： 1. 自动化测试：开发人员可以在Firebase Test Lab上运行自动化测试，以验证应用程序的稳定性和性能。Firebase Test Lab提供了多种自动化测试工具，包括Robo测试、UI自动化测试、Monkey测试等。 2. 手动测试：开发人员可以在Firebase Test Lab上手动测试应用程序，以发现并解决潜在的问题。Firebase Test Lab提供了实时设备测试功能，可以让开发人员在真实的设备上测试应用程序。 3. 测试报告：Firebase Test Lab生成详细的测试报告，包括测试结果、性能指标、日志等，帮助开发人员快速定位和解决问题。 4. 真实设备：Firebase Test Lab提供了多种真实设备，包括Android和iOS设备，可以帮助开发人员测试应用程序在不同设备和操作系统版本上的兼容性。 5. 集成支持：Firebase Test Lab可以与其他Firebase产品集成，如Crashlytics、Analytics等，帮助开发人员全面了解应用程序的运行情况。 优点： • 完全集成在Firebase后端平台中，支持各类型的App测试和报告分析； • 提供了多种测试方法和环境，包括真机实际测试模拟、自动化测试、性能测试等； • 可以对iOS和Android进行测试，对于iOS还可以支持在TestFlight中集成。 • 支持的语言：Espresso、UI Automator 和 Instrumentation 缺点： • 如果使用不熟悉Firebase，可能需要更多的时间去学习。 • 对于某些自定义的测试需求可能有限制。 2）BrowserStack 网址：https://www.browserstack.com/ BrowserStack是一款云端测试平台，可以帮助开发人员在真实的浏览器和设备上测试他们的应用程序。BrowserStack提供了全面的跨浏览器测试解决方案，支持超过2000种真实浏览器和设备组合。以下是BrowserStack的主要功能特点： 1. 测试浏览器：BrowserStack支持超过2000种真实浏览器和设备组合，包括桌面浏览器、移动浏览器和移动设备，可以帮助开发人员测试应用程序在不同的平台和设备上的兼容性。 2. 自动化测试：开发人员可以在BrowserStack上运行自动化测试，以验证应用程序的稳定性和性能。BrowserStack提供了多种自动化测试工具，包括Selenium 、Appium、Puppeteer等。 3. 手动测试：开发人员可以在BrowserStack上手动测试应用程序，以发现并解决潜在的问题。BrowserStack提供了实时设备测试功能，可以让开发人员在真实的设备上测试应用程序。 4. 测试报告：BrowserStack生成详细的测试报告，包括测试结果、性能指标、日志等，帮助开发人员快速定位和解决问题。 5. 集成支持：BrowserStack可以与多种开发工具和持续集成平台集成，如Jenkins、Travis CI、CircleCI等，帮助开发人员快速集成测试流程。 优点： • 拥有丰富的测试场景和设备库，支持多种设备类型和平台的UI测试、功能测试、性能测试等； • 提供多种自动化测试工具和集成分析，支持多语言编程； • 提供丰富的测试报告和分析，在多区域部署。 • 支持的语言：Appium、Selenium 、JS、Python、Java、Ruby、C# 和 PHP 等 缺点： • 价格相对较高； • 具体特性有多种限制，具体还需要联系供应商以了解具体情况。 3）AWS Device Farm 网址：https://aws.amazon.com/cn/device-farm/ AWS Device Farm是一个云端移动应用测试平台，提供了全面的应用程序测试解决方案，支持Android和iOS平台。AWS Device Farm可以帮助开发人员自动化和手动化测试应用程序，以便在发布前发现和解决潜在的问题。以下是AWS Device Farm的主要功能特点： 1. 自动化测试：开发人员可以在AWS Device Farm上运行自动化测试，以验证应用程序的稳定性和性能。AWS Device Farm提供了多种自动化测试工具，包括Appium、Calabash、Espresso、UI Automator等。 2. 手动测试：开发人员可以在AWS Device Farm上手动测试应用程序，以发现并解决潜在的问题。AWS Device Farm提供了实时设备测试功能，可以让开发人员在真实的设备上测试应用程序。 3. 测试报告：AWS Device Farm生成详细的测试报告，包括测试结果、性能指标、日志等，帮助开发人员快速定位和解决问题。 4. 真实设备：AWS Device Farm提供了多种真实设备，包括Android和iOS设备，可以帮助开发人员测试应用程序在不同设备和操作系统版本上的兼容性。 5. 集成支持：AWS Device Farm可以与其他AWS产品集成，如AWS CodePipeline、AWS CodeBuild等，帮助开发人员全面了解应用程序的运行情况。 6. 安全保障：AWS Device Farm采用多层安全机制，包括防火墙、数据加密、备份和恢复等，保障用户数据安全。 优点： • 专为移动体验而设计的App测试工具，支持iOS、Android、FireOS等多个平台； • 提供多种不同的测试环境和设备，可以进行UI/功能测试、基准测试、自动化测试、卡顿/崩溃定位等； • 提供简单易用的控制台，方便使用者进行调试和测试分析。 • 支持的语言：Appium 和TestNG 缺点： • 价格相对较高，适用于中大型企业或个人开发者； • 需要有一定的AWS或云平台使用经验。 国内外各3款，若看文字觉得麻烦，也可以直接看下方的pk对比表： app云测平台有了，那什么情况下用这些平台呢？ 二、什么测试场景下，会使用App云测平台呢？ 作为QA我们通常在什么情况下，会接入App云测平台进行测试呢？接下来我们根据不同的专项测试场景，来看下我们是如何通过App云测平台进行哪些测试： 1. 新版本发布前的测试： 在新版本发布前，利用云测平台进行自动化测试、性能测试、兼容性测试和稳定性测试，确保应用的功能和性能满足用户的需求，并且能够在不同的设备和系统上正常运行。 2. 应用优化和改进测试： 在应用存在问题或需要进行优化和改进时，利用云测平台进行相应的测试，分析应用中存在的问题和不足，并进行相应的优化和改进，提高应用的质量和用户体验。 3. 异常和崩溃监测： 可利用云测平台提供的崩溃分析工具和日志分析工具等，对应用上线后的异常和崩溃进行监测和分析，及时发现和解决存在的问题，保障应用的稳定性和用户体验。 4. 性能监测和优化： 可在应用上线后，利用云测平台提供的性能分析工具和性能测试工具等，对应用的性能进行监测和分析，发现性能瓶颈并进行相应的优化和改进，提高应用的响应速度和用户体验。 5. 安全监测和漏洞修复： 可在应用上线后，利用云测平台提供的安全测试工具和漏洞扫描工具等，对应用进行安全监测和漏洞扫描，发现并修复应用中存在的安全漏洞和问题，保障用户数据的安全和隐私。 6. 用户反馈和体验改进： 可在应用上线后，利用云测平台提供的用户反馈工具和用户行为分析工具等，对用户的反馈和行为进行分析和收集，及时了解用户的需求和体验，进行相应的优化和改进，提高应用的用户满意度和口碑。 7. 版本升级和功能扩展： 可在应用上线后，利用云测平台进行版本升级和功能扩展的测试，确保新版本和扩展功能的稳定性和兼容性，保障应用的正常运行和用户体验。同时，也可以利用云测平台提供的自动化测试工具和持续集成工具等，加快测试和发布的速度和效率，提高开发和运维的效率。 但介绍了6种，我们应该如何选择具体某一款呢？ 三、如何选择适合的APP云测平台： 在选择适合的APP云测平台时，测试人员需要考虑多个因素，包括支持的测试类型、支持的设备和平台、多维度的测试、使用方便性、自动化测试支持度和报告结果。 1. 考虑支持的测试类型 通常需要考虑云测平台支持测试的类型，如：UI测试、性能测试、功能测试、兼容性测试、安全测试等等。测试工程师应该根据项目需求的测试类型来选择。 2. 考虑支持的设备和平台 当选择云测平台时，测试工程师需要考虑云测平台的设备库是否与其测试需求匹配。平台应该支持各种设备和平台的测试，设备包括iOS、Android、Windows 等。 3. 考虑多维度的测试 一个好的APP云测平台应该可以提供多种测试类型的支持，包括基于真实用户场景下的压力测试、功能测试及美观度测试。还可以根据用户使用情况、环境变量等提供多维度测试。 4.考虑使用的方便性 测试工程师需要选择一个简单易用、易于掌握的云测平台，在平台上可找到相关支持，或帮助以解决测试问题，节省测试人员时间和成本。如：客服，1对1的技术支持服务。 5. 考虑自动化测试支持度 一个好的APP云测平台应该支持自动化测试，可以快速实现测试脚本、配置测试环境、执行测试，以节省测试时间和工作量。 6. 考虑日志及测试结果报告 APP的测试应该产生有效的测试结果。一个好的APP云测平台应该可以提供测试结果、反馈意见、以及测试统计数据。测试报告可以为测试结果的评估提供帮助。 感谢每一个认真阅读我文章的人，礼尚往来总是要有的，虽然不是什么很值钱的东西，如果你用得到的话可以直接拿走： 这些资料，对于【软件测试】的朋友来说应该是最全面最完整的备战仓库，这个仓库也陪伴上万个测试工程师们走过最艰难的路程，希望也能帮助到你!有需要的小伙伴可以点击下方小卡片领取,-,0,1,2025-07-15 14:41:24,2025-07-15 14:41:24
55,'','',112,https://blog.csdn.net/2401_84074215/article/details/137478134,CSDN博客,分享6个APP/手游自动化测试工具_游戏测试工具-CSDN博客,分享6个APP/手游自动化测试工具 原创 开始之前给大家推荐一个免费刷题的小程序，你去面试能被问到的题这里都有。 Hello，hello。以前我做移动平台及游戏运营时我们不仅会有自己的测试组同时还会选择第三方专业测试（自动化+手动）以保证上线大推顺利，这次就来分享6个移动应用测试工具给大家。 一、APP/手游自动化测试的一般流程 二、场景痛点 缺少测试设备、测试效率低、自定义脚本测试复杂 三、移动应用测试提供的服务范围 1）兼容性测试 基础兼容性测试、高级兼容性测试、场景功能兼容性测试、小程序/公众号兼容性测试、H5/PC/Web兼容性测试 2）功能测试 Bug探索、专家功能测试 3）游戏安全 游戏图像内容安全、游戏文本内容安全、手游渗透测试、手游宕机漏洞检测、游戏经济安全、手游加固等 4）远程真机调试 5）智能硬件测试 四、介绍6个移动应用测试工具 1、TestBird 成立于2013年，TestBird是国内的第一家手游自动化测试 平台，专注为企业提供与移动应用相关的云测试服务、众测服务、TROC自动化测试平台。 产品服务：兼容性测试、远程真机调试、行业测试解决方案等。 2、百度智能云MTC 业界领先的移动应用一站式测试服务平台，为企业/开发者提供覆盖产品全生命周期的测试服务，包括兼容性测试、功能测试、远程真机调试、安全测试、海量用户体验测试等核心测试服务。 产品服务：兼容测试、专家人工众测、竞品分析、自动化测试、安全检测。 3、Testin云测 云测创立于2011年，拥有全方位测试服务，覆盖完整应用生命周期，多维度检测保障应用质量。 产品服务：兼容测试、远程真机、自动化测试、云众包、安全测试。 4、Applause 全球应用测试大厂Applause成立于2007年，可为开发者快速建立详细的测试计划，提供真实、有影响力、可操作的结果。 产品服务：手动功能测试、自动化功能测试、集成功能测试、用户体验测试、客户旅程测试、支付测试等。 5、腾讯WeTest WeTest提供海量云端真机池，高清画质、超低延迟，随时随地进行测试，保障应用/手游品质。 产品服务：云手机、兼容测试、功能测试、性能测试、安全测试、自动化测试。 6、阿里云移动测试 为企业客户和移动开发者提供真机测试服务的云平台。 产品服务：兼容性测试、功能自动化、性能测试、云端调试。 最后：我这里有一个学习交流群，如果你有在学习提升找不到资料，没人答疑解惑时，请及时加入群： 759968159，里面有各种测试开发资料和技术可以一起交流哦。 下方这份完整的软件测试视频教程已经整理上传完成，需要的朋友们可以自行领取<代码开始>【保证100%免费】<代码结束> 软件测试面试文档 我们学习必然是为了找到高薪的工作，下面这些面试题是来自阿里、腾讯、字节等一线互联网大厂最新的面试资料，并且有字节大佬给出了权威的解答，刷完这一套面试资料相信大家都能找到满意的工作。,-,0,2,2025-07-15 14:41:24,2025-07-15 14:41:24
56,'','',112,https://blog.51cto.com/u_11045899/11669141,51CTO博客,移动端自动化解决方案_51CTO博客_移动端自动化工具,"移动端自动化解决方案 UIAutoMator2 uiautomator2 是一个可以使用Python对Android设备进行UI自动化的库。其底层基于Google uiautomator，Google提供的uiautomator库可以获取屏幕上任意一个APP的任意一个控件属性，并对其进行任意操作。 github: https:///openatx/uiautomator2 优点： 设备和开发机可以脱离数据线，通过WiFi互联（基于atx-agent ） 集成了openstf/minicap达到实时屏幕投频，以及实时截图 集成了openstf/minitouch 达到精确实时控制设备 修复了xiaocong/uiautomator经常性退出的问题 代码进行了重构和精简，方便维护 实现了一个设备管理平台(也支持iOS) atxserver2 扩充了toast获取和展示的功能 缺点： 需要手动元素定位，对于非webview页面支持不好 需要使用者熟悉python 不支持IOS平台 Appium Appium 是一个开源工具，用于自动化 iOS 手机、 Android 手机和 Windows 桌面平台上的原生、移动 Web 和混合应用。**「原生应用」指那些用 iOS、 Android 或者 Windows SDKs 编写的应用。「移动 Web 应用」是用移动端浏览器访问的应用（ Appium 支持 iOS 上的 Safari 、Chrome 和 Android 上的内置浏览器）。「混合应用」**带有一个「webview」的包装器——用来和 Web 内容交互的原生控件。类似于 Apache Cordova 项目，创建一个混合应用使得用 Web 技术开发然后打包进原生包装器创建一个混合应用变得容易了。重要的是，Appium 是跨平台的：它允许你用同样的 API 对多平台（iOS、Android、Windows）写测试。做到在 iOS、Android 和 Windows 测试套件之间复用代码。 github: https:///appium/appium 优点： 支持IOS，Android，Windows平台上的原生，移动web和混合应用 基于webdriver协议开发，支持跨平台，允许使用相同的api对多平台应用编写测试 支持的语言种类多 功能强大，可以替代uiautomator2 缺点： IOS应用测试只支持在mac平台上运行 执行效率相对于uiautomator较慢 中文输入必须使用appium自带的中文输入法 API较多，学习成本高，而且新版本不太稳定 AirTest AitTest是由网易公司开发的用于移动端游戏和app自动化测试的工具，现已在github上开源 AirtestProject是由网易游戏推出的UI自动化测试解决方案，项目构成如下： 1）Airtest框架¶ Airtest 是一个跨平台的、 基于图像识别 的UI自动化测试框架，适用于游戏和App，支持平台有Windows、Android和iOS： Airtest源码 Airtest API文档 2）Poco框架¶ Poco 是一款 基于UI控件识别 的自动化测试框架，目前支持Android原生、iOS原生、Unity3D、cocos2dx、UE4和Egret等平台，也可以在其他引擎中自行接入poco-sdk来使用。 Poco 源码 Poco API文档 3）AirtestIDE¶ AirtestIDE 是一款跨平台的 UI自动化测试编辑器 ，内置了Airtest和Poco的相关插件功能，能够使用它快速简单地编写 Airtest 和 Poco 代码。 官方下载网址 AirtestIDE使用文档 4）手机集群解决方案-DeviceFarm¶ DeviceFarm 是网易推出的自动化测试集群解决方案，它是软硬件一体化方案，包含设备集群建设、集群设备批量维护管理、监控报警和云端真机等功能，可以为您在企业内部搭建稳定高效的设备管理平台, 提升设备利用率，赋能自动化测试流程搭建： DeviceFarm集群解决方案 5）Airlab云测试平台¶ Airlab云测试平台支持用例管理、脚本管理、任务预约、任务调度、云端报告等功能，可以快速构建企业自动化测试全流程，支持ios和安卓的回归测试及兼容测试。 Airlab云测试平台 github：https:///AirtestProject/Airtest 优点： 跨平台 元素定位基于图像识别，无需编写复杂的元素定位代码 提供IDE，可以辅助测试人员编写自动化用例 官方文档提供了较多的实用教程，方便测试人员上手 提供移动端自动化测试平台的私有化部署，但是收费 提供了丰富的API，方便在其他框架中整合 缺点： 由于图像识别算法是基于open-cv，对于复杂的页面，图像识别的准确性不高 运行环境搭建比较复杂，需要安装比较多的依赖 用例执行效率较低，也是图像识别的锅，因为这玩意儿本身效率就不高 Flybirds Flybirds是基于BDD模式和AirTest开发的移动端UI自动化测试工具 基于BDD模式，类自然语言语法 支持自动化APP操作、表单提交、UI元素校验、键盘输入、Deeplink跳转等 默认支持英文、中文两种语言，支持更多语言扩展 插件式设计，支持用户自定义自动化扩展 提供cli脚手架，快速搭建项目 提供html报告 github: https:///ctripcorp/flybirds 优点： 使用BDD模式，类自然语言语法，编写的用例直观易懂，默认支持中文和英文两种Feature编写方式 底层基于AirTest开发，具备AirTest的优势 支持自定义插件，扩展性强 自带step模板，支持绝大多数页面操作，也支持自定义step模板 有cli模式，支持持续集成 缺点： 由于使用了BDD模式，测试人员需要了解Gherkin语法 跟AirTest一样，执行效率不高 对于没有text的页面，元素定位会比较麻烦 刚开源不久，没啥人用，相关的社区和文档不多 总结 通过以上4种移动端UI自动化的对比，可以得出以下结论： 对于原生Android平台应用，使用UIAutomator2是比较方便的选择。 对于跨平台应用，Appium和AirTest还有Flybirds都是可以考虑的。 Appium基于webdriver协议，使用统一的API来实现跨平台操作，但是对于APP内嵌的h5页面，支持不好。 AirTest是基于图像识别来操作，存在效率低和准确率不高的问题，尤其是一个页面元素图标很相似的时候，可能会出现无法识别的问题，但是airtest提供了方便实用的IDE，能大大减轻元素定位的负担，并且支持将自动化脚本打包成apk，可以通过adb shell来执行自动化测试。 Flybirds的创新在于使用了BDD模式，测试人员无需编写复杂的测试代码即可完成测试，但是此工具目前并不流行，网上也缺少相关的讨论和技术文档，出了问题都不好排查。 建议使用优先级 AirTest > Flybirds> Appium > UIAutomator 参考文档 开源 | 携程机票BDD UI Testing框架 - Flybirds Github-flybirds 携程机票BDD-UI-Testing框架Flybirds airtest behave multiple-cucumber-html-reporter uiautomator2源码解析 UIAutomator2的使用 about-appium airtest-doc",-,0,3,2025-07-15 14:41:24,2025-07-15 14:41:24
57,'','',112,http://m.toutiao.com/group/7520095359164252707/?upstream_biz=doubao,领先技术探路者,2025国内五大自动化测试平台盘点_领先技术探路者,在软件定义世界的今天，IDC报告显示全球企业应用开发效率缺口达40%，测试环节的低效成为重要瓶颈。面对日益复杂的多端应用与持续交付压力，如何选择既能保障质量又能提升人效的测试平台，已成为技术决策者的核心命题。 本文深度剖析市面上九款主流测试平台核心能力(含腾讯优测Utest、Testin XAgnet、CTest、RunnerGo、ZRunner等)，用数据与事实帮您拨开迷雾。 一、测试工具智能化进阶，AI驱动效率革命 当前AI技术正重塑测试流程。Testin XAgnet通过视觉识别与自然语言处理技术，将回归测试人效提升150%以上，某大型银行案例中测试需求自动化生成采纳率接近60%。这印证了Gartner预测:到2025年，70%企业将把AI测试工具纳入核心流程。 同样值得关注的是ZRunner，其零代码平台结合计算机视觉技术，脚本维护效率提升300%;而RunnerGo通过API全生命周期管理打通持续集成，实现银行级系统的低代码测试编排。 行业洞察:测试智能化的核心不仅是识别技术，更在于与研发流程的深度耦合。国内头部券商实践证明，嵌入CI/CD管道的AI测试可使版本缺陷逃逸率降低70%。 二、五大平台关键能力全景对比 通过对底层架构、核心功能、落地成本三维度评测，头部平台呈现明显差异化定位(重点指标对比如下): 平台 智能化程度 测试覆盖维度 生态集成能力 部署模式 金融级案例验证 腾讯优测 Utest ★★★★★ App/Web/API/压测全栈 深度集成CODING 公有云/混合云 ✓ Testin XAgnet ★★★★☆ (视觉AI) 移动端/跨端 开放API SaaS ✓ CTest ★★★☆☆ 需求-缺陷闭环管理 对接蓝鲸生态 私有化部署 ✓ RunnerGo ★★★★☆ (无代码) 接口/压测/UI 支持Jenkins 私有化优先 ✓ ZRunner ★★★★☆ (零代码) 多端UI测试 设备管理平台 SaaS ✗ 平台亮点聚焦: 腾讯优测Utest:依托腾讯20年业务验证的全栈测试能力，支持从需求评审到性能压测的全流程覆盖。其智能测试推荐引擎基于海量腾讯系产品测试数据训练，可精准预测高风险模块。 RunnerGo:在接口安全测试领域表现突出，支持OWASP TOP10漏洞自动化扫描 CTest:测试流程治理能力领先，支持ISO/TSQ认证企业需求 Testin XAgnet:跨端脚本复用技术成熟度最高(Android/iOS/鸿蒙) 三、测评 腾讯优测Utest:全链路质量守护的工程实践 某全国性商业银行采用优测后，其典型案例印证了平台价值: 效率提升:信用卡App发布周期从3周压缩至6天，回归测试自动化覆盖率提升至85% 成本优化:兼容性测试设备资源消耗降低60%，通过云端真机池实现按需调度 质量保障:线上P1级缺陷率下降76%，首屏加载耗时精准控制在1.2秒内 该方案最大价值在于三重融合: 流程融合:无缝对接CODING DevOps平台，需求-用例-缺陷自动关联 能力融合:UI自动化(含小程序/H5)、接口测试、性能压测统一编排 数据融合:测试报告与腾讯云可观测平台联动，构建质量健康度模型 正如某券商测试总监反馈:“优测的智能流量录制回放技术，让我们在无侵入情况下完成核心交易链路覆盖，这正是金融行业急需的解决方案。” 四、决策建议:根据企业成熟度选择平台 基于Forrester企业质量成熟度模型建议: 创新探索期(年发布< 10次):选择RunnerGo/ZRunner等轻量化工具，快速建立基础能力 规模扩张期(DevOps初实施):CTest/Testin优化过程管理，建立质量基线 持续进化期(日发布> 5次):腾讯优测Utest等全栈平台做的比较好，实现: ✓ 自动化测试覆盖率> 80% ✓ 版本缺陷逃逸率< 0.5% ✓ 人效提升300%(实测数据) Gartner在《2024软件测试技术路线图》中明确指出:“头部企业正在从工具采购转向质量工程能力建设”。当测试左移成为共识，选择具备工程化落地能力的平台将成为质量护城河的关键支点。 (注:本文涉及测试效能数据引用自信通院《中国软件质量发展报告2023》，金融案例数据脱敏处理，平台能力经实测验证),-,0,4,2025-07-15 14:41:24,2025-07-15 14:41:24
58,'','',112,https://blog.51cto.com/u_14224/11926971,51CTO博客,中国移动测试网速叫什么app_我心依旧的技术博客_51CTO博客,中国移动测试网速叫什么app 随着移动设备和系统的碎片化程度越来越高以及复杂的移动网络情况，代码级测试和模拟测试已经无法满足移动开发者的需求，真机甚至真人的测试越来越被开发者们所重视，逐渐成为移动开发的标配。苹果和谷歌也纷纷推出自己的内测服务。苹果自收购TestFlight以来，将它深入集成到了Xcode和苹果开发者中心内。Google则计划在这个夏天正式推出Cloud Test Lab服务。另外Twitter收购Crashlytics也在业界引起了一定反响。 \\ 不过，TestFlight等服务由于在国外，不可避免会出现速度慢，不够本地化等问题，再加上国内安卓市场的复杂情况，让它们对于国内开发者来说并不是最佳选择。在这种情形下，国内的移动测试服务趁势而起，下面就为大家盘点一下。 \\ 从功能上来划分，移动测试服务可以分为真机自动化测试，内测托管分发，众包测试，移动性能监测。 \\ 真机自动化测试 \\ 真机自动化测试服务利用一些自动测试框架如Robotium等，通过一个Hub连接多台真机同时进行应用的测试，在上面可以进行应用的适配、遍历、功能测试，以及根据脚本进行一些模拟操作，多用于Android应用的测试。这种模式能够帮助开发者定位一些应用在真实环境中的简单出错信息。但也有一些局限性，一是开发者发现应用在某型号设备上出错也难以进一步深入调查，他还需要向周围同事或朋友征集出错型号设备来进行真人测试；二是这种真机自动化测试只能运行一些简单的脚本，毕竟不是真人操作，可能无法测试出真实场景中的情况。 \\ 国内以该模式为代表的服务提供商有： \\ Testin：面向iOS、Android平台的真机自动测试服务。公司启动较早，有数千台设备供测试。除了真机自动化测试，Testin现在还推出了众测、崩溃信息分析、短信平台等功能。\\t 易测云：由东软集团开发的一个测试服务，2013年1月上线。官网上称有200+台设备供测试。它自行研发了一个Guerrilla测试框架，并且支持Robotium和Athrun测试框架编写的自动化测试包。\\t 百度MTC:百度移动云测试中心，支持Robotium脚本，提供兼容测试、性能测试、遍历测试、安全漏洞扫描。另外它也提供一个众测功能。\\t 腾讯bita：由腾讯推出的真机自动化测试服务，主要面向Android开发者。官方号称有1000+台设备供测试。能够进行测试应用的自动登录，并进行兼容测试、遍历测试、性能测试、功能测试、稳定性测试。\\t 阿里MQC：全称为阿里移动质量中心，是阿里巴巴淘测试下的一个产品。支持Robotium框架编写的脚本对应用进行测试。它一个比较有特色的地方是支持HTML5的真机测试，开发者可提交一个URL，以检测页面在不同设备的上的渲染和性能问题。\ 另外还有电信运营商提供的真机测试服务，如中国电信推出的TA云测试、中国移动推出的终端池，它们进入这一领域非常早，不过由于这些业务难以为运营商直接带来利润，现在已基本被放弃。 \\ 内测托管分发 \\ 真机自动化测试毕竟不是真人使用，难以深入到真实使用场景，后来的测试服务开始专注于将应用分发给少量用户或测试人员进行测试。 \\ 内测托管分发模式以TestFlight为代表，iOS应用的测试多用这种模式。平台为处于内测阶段的应用提供托管服务，并产出用于分发的URL，开发者需要自己寻找内测人员，并将下载链接发送给他们。这种模式下开发者能对测试结果得到较大程度的掌控，开发者可以和内测人员直接联系，能够对一些特殊案例进行有针对性的调查。不过，这种模式操作起来稍微繁琐，如果是iOS应用的话需要制作特殊的内测版本，获取内测设备的UDID并制作证书，并且有100人的人数限制（TestFlight作为苹果官方服务限制为1000人）。 \\ 国内提供该模式的服务商有以下几家： \\ fir.im：面向iOS、Android平台的内测托管和分发服务。它们还提供崩溃信息收集BugHD、邀请码管理inCode等服务。另外它们提供了开放API，这意味着开发者可以方便的将fir.im集成到自己的开发流程中。它们比较有特色的地方是很重视工具类的研发，提供了CLI、Log Guru、网速测试等工具。前不久fir.im刚刚庆祝了Melaka版本上线一周年，并发布了Rio新版，在产品与架构方面进行了大量优化，开放更多的API接口，并提供Android Studio插件，方便Android开发者上传应用。创始人王猛为资深iOS开发者，根据自己在开发移动应用的过程中的感到的不便从而推出此项服务。\\t 蒲公英：面向iOS、Android平台的内测托管和分发服务。同样提供开放API。它还提供移动端SDK用于应用内测数据收集分析、版本更新提示、数据分析统计、应用内提交用户反馈等。另外它还提供用于管理的桌面客户端。 蒲公英与2014年7月上线，目前总部在西安。创始人为石瑞，创立公司的想法和王猛类似，团队目前有10余人，来自腾讯、微软、ThoughtWorks等知名互联网公司。\ 其它国内做这种模式的还有内测宝，从去年到现在一直处于邀请注册中，貌似已经不再活跃了。 \\ 众包测试/众测 \\ 内测托管分发的模式还需要自己寻找内测人员，对于一些开发者来说不是很方便，于是服务商自己提供测试人员的众包测试模式应运而生。 \\ 这种模式也是国外先兴起，如uTest号称有17万测试人员。这种模式的一般流程为，开发者向服务提供商上传应用，并且选择测试用户的规模、机型/系统、地理分布，服务提供商则向对应的测试人员发放任务，测试人员接到任务，测试完应用后可获得一定分成。这种模式已经基本满足真实测试的需求，不过也有一些缺点，开发者无法与测试人员接触，出现问题仍然需要寻找对应机型进一步收集信息，另外测试人员只是为完成任务，并非目标用户，可能无法对功能进行深入测试。另外这种模式一般是收费的。 \\ 国内提供这类模式的服务商除了上面提到的Testin和百度MTC之外，还有： \\ 我测测：我测测是班墨云推出的众包测试平台，它以众包的模式为APP开发者提供兼容性测试，功能测试，性能测试等服务。\ 移动应用性能监测 \\ 以上三种模式是大家都比较认可的测试服务模式，但实际上，新兴的应用性能管理（APM）也有机会在这个领域分一杯羹。 \\ 移动应用性能监测（移动APM）是应用性能管理的一部分，它通过在App中嵌入SDK的方式来收集应用的运行信息，包括各种性能指标、崩溃信息等。显然移动APM可以应用在移动App的整个生命周期，而不仅仅是内测阶段。如果控制应用只分发给内测人员，那么它可以完成和一些内测托管服务类似的功能。我们可以看到上面有些服务商如蒲公英已经提供了SDK，说明将移动APM用于测试是可行的。 \\ 国内提供移动APM的服务商如下： \\ 腾讯Bugly：Bugly原本是腾讯内部使用的一个产品，现在开放出来。它提供对iOS和Android应用崩溃信息的收集和分析，专注于应用的Crash，可以说是移动APM里最偏测试的一个，但它不是只能用在测试阶段。\\t Mobile Insight：这是OneAPM下面的移动领域的产品，注重真实用户使用感受监控，提供Crash分析、InteractionTrace、网络问题分析、外部调用监控能力。\\t 听云App：这是听云旗下的一款移动APM产品，其对网络性能的监控能力较为突出。\\t 睿动：这是博睿Boree旗下的移动APM产品，提供移动WAP监测、性能监测、适配监测和SDK监测。\,-,0,5,2025-07-15 14:41:24,2025-07-15 14:41:24
59,'','',112,https://m.sohu.com/a/887082750_122281736/,搜狐网,国内七大AI软件测试平台盘点，洞察行业技术最新趋势_人工智能_自动化_脚本,"国内七大AI软件测试平台盘点，洞察行业技术最新趋势 前言: 在数字化转型的进程中,信息技术的迅猛发展使软件成为各行业运转的核心要素。软件产品复杂度的不断提升,为传统测试方法带来严峻挑战。传统测试严重依赖人工操作,效率低下,难以匹配软件快速迭代的节奏,且成本高昂,在人力、时间与资源方面给企业造成较大负担。同时,面对复杂软件系统,传统测试难以全面覆盖,导致软件质量隐患频出。而人工智能技术的兴起,为软件测试行业带来革新机遇。AI 测试产品借助智能算法与数据分析能力,打破传统测试瓶颈,逐渐成为 IT 领域关注焦点。本文对国内七款主流 AI 软件测试产品进行梳理剖析,进一步帮助 IT 测试从业者、企业技术负责人了解市场主流 AI 测试产品发展情况与差异,提升产品选型效率与测试工作优化。 一、Testin XAgent 智能测试系统 Testin XAgent 智能测试系统基于前沿 AI 智能体技术,通过多层架构实现测试全流程智能化管理。在API测试领域,实现测试用例与脚本的自动化生成,采纳率、单接口测试效率大幅提升。系统通过智能体自动构造多类型测试数据(含正向、异常及边界值场景),实现接口文档自动解析、测试案例生成、测试脚本生成及结果实时回传,构建""文档-用例-数据-脚本-执行""全链路闭环。同时,平台支持自然语言编写UI测试脚本,结合多模态大模型将复杂控件识别精度提升至99.5%,实现对移动端、Web端、PC端三端自动化测试的全覆盖,使脚本维护成本降低综合测试效能提升3倍。助力企业构建 AI 驱动的软件质量保障体系,推动测试流程向智能化转型,是企业开展AI测试实践与探索的首选平台,目前已在金融、智能驾驶领域取得了诸多应用效果。 二、优测云服务平台新一代 AI 测试引擎 腾讯优测新一代 AI 测试引擎以混元大模型与 DeepSeek 双模型为基础,融合知识推理、流量感知及代码生成技术,重构智能质量体系。其具备四大核心功能:基于 RAG 技术的智能用例生成,依据自然语言及接口文档自动生成用例;依托 LogReplay 的智能数据构造,将数据准备时间从小时级缩至分钟级;可生成脚本并检测漏洞的 AI 代码助手,使开发效率提高;能缩短报告解读耗时的 AI 报告解读功能,实现测试闭环管理。该平台支持国产化部署,已在金融、文旅等行业验证,推动企业自动化测试向 “智能决策” 模式升级,助力企业降本增效。 三、爱测智能化测试平台 爱测智能化测试平台融合多种前沿技术,为测试工作提供创新解决方案。其测试自动化智能体可深度解析文档与代码,精准生成业务测试用例并自动执行手工用例,结合数据与模型驱动测试,提升测试效率与覆盖率。智能遍历测试技术通过被测应用入口,深入系统完成全面回归测试,基于应用图谱自动生成文档与测试用例,实现对 Web、App 及 Http 接口的全方位自动化测试。平台还能从业务文档生成手工测试用例并执行,利用现有用例库构建知识图谱,通过智能推理生成更多测试用例,提升测试覆盖的广度与深度,保障软件质量。 四、SiniCube 智能测试平台 SiniCube 智能测试平台以 AI 技术重构企业质量保障流程。该平台基于 AI 技术,可自动解析需求文档与页面元素生成测试用例,支持浏览器端在线编辑用例,实现跨终端灵活操作,具备一键生成测试脚本功能,降低自动化测试门槛。同时,平台集成 SonarQube 扫描代码质量,通过 Dependency - Check 分析组件安全风险并自动生成数据字典。SiniCube 通过自动化用例 / 脚本生成减少重复劳动,缩短测试周期,利用 AI 技术保障测试用例覆盖全面性,提升缺陷发现能力,为企业级测试效能提升开创全新模式。 五、JettoAI 测试智能助手平台 JettoAI 测试智能助手平台遵循中国信通院等机构制定的 AI 测试行业标准,采用包含访问层、调试层、资产层等的技术架构,依托新一代垂直大模型服务框架,融合自然语言处理、大语言模型、向量数据库等核心技术,实现从需求生成到测试知识问答的全流程智能化。实际应用数据显示,引入该平台 AI 辅助后,整体测试工作量有效降低。目前,该平台已在多家金融机构落地或开展 poc 测试。其为金融机构提供一站式智能测试方案,提升测试效率与质量,加速系统上线,降低风险,减少人力与时间成本,提高资产复用性,推动 AI 技术与金融测试融合,促进产业生态发展。 六、Data4Test (盾测) 全场景智能测试平台 Data4Test (盾测) 以声明式设计为核心,融合接口管理、场景编排等关键能力,解决长链路、多鉴权等复杂测试痛点,全场景覆盖功能、并发、异常等多种测试类型。盾测具有多项技术优势:降低测试门槛,支持结构化数据设计与多维度测试覆盖;提升协作效率,实现多角色共享资源与接口变更追踪;具备统一编排引擎与可控测试模式,支撑复杂业务场景测试;采用混合执行引擎,参数设置灵活,支持自定义断言模板。凭借这些优势,盾测在金融、国际化业务、大数据等领域广泛应用,助力企业构建自动化测试体系。 七、奇林测试平台 奇林测试平台(kylinTOP)推出 “AI 自愈 + 百万级并发” 智能解决方案。奇林测试平台集成性能测试、自动化测试(UI / 接口 / APP)与业务监控功能,采用 B/S 架构,支持多平台运行。自动化测试依托 AI 实现无干扰录制,具备元素智能定位与自愈功能,降低脚本维护成本,实现精准步骤判断与零代码可视化管理;性能测试支持协议模拟与真实浏览器并发,覆盖常见协议,具备百万级压力测试能力,资源消耗有效降低;业务监控提供 7×24 小时多维度监控,支持多地域分布式部署与异常告警。奇林测试平台以分布式架构与智能技术应对电商、ERP 等复杂业务场景,助力测试团队提升效率、降低成本,实现软件质量智能保障。 结语: 本文梳理的七款国内主流AI软件测试产品,凭借各自技术优势与创新功能,为传统测试难题提供有效解决方案。对于 IT 测试从业者与企业技术负责人而言,了解并选用这些 AI 测试产品,是顺应行业发展、洞悉标杆技术产品,提升软件测试质量与效率的重要举措。随着 AI 技术的不断发展,AI软件测试产品将持续创新,功能更强大,应用更广泛,成为软件质量保障的基石要素,推动企业向高效、智能、创新方向发展,助力企业在数智化转型中取得优势。",-,0,6,2025-07-15 14:41:24,2025-07-15 14:41:24
60,'','',112,https://blog.csdn.net/EthanCo/article/details/105297160,CSDN博客,各移动云测试平台对比_国内手机云测平台排名-CSDN博客,各移动云测试平台对比 原创 云真机 按需购买对比 以使用一次控制在5分钟、使用200次为基准，可以看到 阿里MQC价格最便宜，百度MTC次之 WeTest总时长最高，单次使用时间长 Testin 价格最高 套餐对比 可以看到，在套餐中 阿里MQC价格最便宜，百度MTC最便宜 WeTest价格最高，Testin其次 Android数量、系统对比 以支持Android5.0及以上的手机统计，可以看到 TestIn支持手机数最多，质量最高 WeTest支持手机数适中，质量较高 百度MTC支持手机数适中，质量适中 阿里MQC支持手机数最低，质量最低 综上，可以得出结论 性价比而言：百度MQC > WeTest >TestIn 规模质量而言： TestIn > WeTest > 百度MQC 小公司，可先采用百度MQC，等以后有更强的需求，可改用TestIn或WeTest，甚至于后期可搭建自己的移动测试平台。 附上各平台链接 WeTest：https://wetest.qq.com/ TestIn：https://www.testin.cn/ 百度MQC：http://mtc.baidu.com/ 阿里MQC：http://mqc.aliyun.com/ 其他 除了云测试功能，上述云测试平台还支持 兼容性自动化测试 ，脚本自动化测试，安全测试等。 如果以后要进行移动端自动化测试，这些云平台也是很好的选择。 兼容性自动化测试 覆盖大多数机型，比如在Android TOP 300的机型上，都跑上5分钟，记录APP运行情况，提供APP安装、闪退等情况。 优点：可以迅速主动掌握APP兼容性情况，针对性地进行优化，极大程度上确保用户安装APP不会闪退 以百度MQC 举例: Android Top300，每个机型跑5分钟，价格1050/次 IOS 随机30款，每个机型跑5分钟，价格300/次 脚本自动化测试 在兼容性自动化测试的基础上，有专门测试人员进行对接，根据业务编写脚本，进行脚本自动化测试。 优点：可确保核心业务在各手机上运行没有问题 缺点：价格昂贵，不建议购买，建议该功能可后期公司内部搭建，每次发版前，跑一下脚本自动化，确保上线时核心业务正常。 安全性测试 针对apk文件，进行安全性测试，对常见的安全性问题提供修改建议。 可快速定位到常见的安全性问题，一般价格在99元-299元之间,-,0,7,2025-07-15 14:41:24,2025-07-15 14:41:24
61,'','',113,https://developers.weixin.qq.com/miniprogram/dev/devtools/minitest/,微信开放社区,1. 工具插件 / 小程序云测 / 小程序云测简介,"微信小程序云测是一套由微信测试团队自主研发,联合WeTest云真机能力,共同推出的小程序自动化测试服务｡服务基于云真机,支持开发者简单快捷地实现小程序真机自动化测试和性能分析等能力｡",07-01,0,1,2025-07-15 14:43:12,2025-07-15 14:43:12
62,'','',113,https://blog.csdn.net/wxminitest/article/details/126230294,CSDN,2. 微信小程序自动化测试——微信小程序云测服务_微信小程序自动化云测-CSDN博客,"微信小程序云测服务是一套由微信测试团队自主研发,联合WeTest云真机能力,共同推出的微信小程序自动化测试服务｡ 服务基于云真机,支持开发者简单快捷地实现小程序智能化Monkey测试,录制回放,自定义测试和性能分析等能力,并提供详细的测试结果及性能数据,云测服务目前支持的技术图片如下:",2022-09-09,0,2,2025-07-15 14:43:12,2025-07-15 14:43:12
63,'','',113,https://blog.csdn.net/2501_92406411/article/details/148774513,CSDN,3. 微信小程序自动化测试方案实践过程 2025最新实践白皮书-CSDN博客,小程序发版前进行人工冒烟回归时，存在成本较大的问题，并且该工作较为机械化，因此希望借助自动化测试来替代人工冒烟，以提高测试效率、降低人力成本。,06-19,0,3,2025-07-15 14:43:12,2025-07-15 14:43:12
64,'','',113,https://cloud.tencent.com.cn/developer/article/2495185?from=15425&policyId=20240000&traceId=01jqj6n08gkgtkmbttn2se3kfn&frompage=seopage,腾讯官方网,4. 小程序的自动化测试与持续集成-腾讯云开发者社区-腾讯云,原创声明：本文系作者授权腾讯云开发者社区发表，未经许可，不得转载。 如有侵权，请联系 cloudcommunity@tencent.com 删除。 关注我，不错过每一次更新。 自动化测试,02-10,0,4,2025-07-15 14:43:12,2025-07-15 14:43:12
65,'','',113,https://blog.csdn.net/wxminitest/article/details/126712224,CSDN,5. 微信小程序自动化测试——智能化 Monkey_智能化monkey-CSDN博客,"提供了丰富的自动化测试能力供用户选择,其中最简单,最方便的就是智能化Monkey服务｡用户接入后即可使用,非常适合页面较少,功能简单的小程序,可以实现零代码､低成本的快速冒烟测试｡",2022-09-08,0,5,2025-07-15 14:43:12,2025-07-15 14:43:12
66,'','',113,https://developers.weixin.qq.com/community/develop/article/doc/000666a6cdcf10e45b4f352ae51813,微信开放社区,6. 微信开放社区,"目前用于小程序自动化测试框架,提及比较多的有 Appium､Airtest 和Minium｡Appium 实现微信小程序自动化测试的手段是套用针对 Hybrid App 的测试方案,通过定位",2023-02-10,0,6,2025-07-15 14:43:12,2025-07-15 14:43:12
67,'','',113,https://blog.csdn.net/NHB66666666/article/details/145799430,CSDN,7. 微信小程序UI自动化测试实践：Minium+PageObject_minium自动化测试调研-CSDN博客,小程序架构上分为渲染层和逻辑层，尽管各平台的运行环境十分相似，但是还是有些许的区别（如下图），比如说JavaScript 语法和 API 支持不一致，WXSS,02-23,0,7,2025-07-15 14:43:12,2025-07-15 14:43:12
68,'','',114,https://blog.csdn.net/weixin_38389696/article/details/123257810,CSDN博客,【技术分享】基于 Audits 自动生成小程序质量评估报告_微信 audits-CSDN博客,"【技术分享】基于 Audits 自动生成小程序质量评估报告 作者：吴甜，腾讯云高级工程师 背景 近年来，随着微信生态不断完善，小程序已成为金融、政务、零售等多个行业加速数字化转型的重要载体，以小程序为载体的多元营销生态日渐成熟。往往需要多团队协助开发，还未上线便带来了以下几个问题： 多人协作开发，开发人员技术参差不齐，如何保证交付的小程序质量？ 体验小程序时，发现页面很卡，用户体验差，需要研发耗费大量时间进行问题排查。优化之后，只能作用一小段时间，随着业务迭代，整体质量又垮掉了。 小程序性能差，体验不行，那具体是什么问题导致的？ 面对这种情况，我们需要对业务所承接的小程序质量进行全方位的评估，并查找出具体的问题点，然后对症下药，帮助我们持续提升小程序的交付质量。 业界方案调研 对于小程序质量评估，市面上也有很多优秀的方案，这里主要介绍三款常用的工具。 1. 微信广告页面评估工具。 微信广告官方提供的页面评估工具，在投放前可对指定页面进行质量评估，并给出改善建议，每次检测预估时间在10-20分钟。体验地址：https://ad.weixin.qq.com/weapptest.html。 微信广告页面评估工具每次测试任务只能关联一个页面，并且检查出来的问题不会给出具体的解决方案，例如遇到下列的问题点： 指标：避免setData数据冗余 【建议】setData操作会引起框架处理一些渲染界面相关的工作，一个未绑定的变量意味着与界面渲染无关，传入setData会造成不必要的性能消耗。 那究竟是哪个变量与渲染无关呢？这排查起来简直精疲力尽。(注意: 创建测试计划时，需要填写小程序 ID，这里并不是 AppID, 而是小程序的原始 ID) 2. MiniTest MiniTest 是一套由微信测试团队自主研发的、为小程序提供自动化测试的服务，可以帮助开发者简单快捷地实现对小程序进行 UI 自动化、性能和 Monkey 测试。MiniTest 平台地址为：https://minitest.weixin.qq.com。 使用该平台，我们对小程序进行了一次 Monkey 测试，最终会产出一份测试详情的报告： 这份性能报告主要是集中在真机机器的 CPU、内存水位，对于我们定位具体的细节问题点帮助有限。 3. Audits Audits （Google 开源的一个自动化测试工具）是一项给小程序体验评分的功能，它可以在小程序运行过程中实时检查，分析并定位出一些可能导致体验较差的功能，以及给出一些优化建议。 使用 Audits 进行小程序优化，主要可以分为以下四个步骤： 我们在业务中，按照上面的模式来跑测，优化小程序遇到了下面几个问题： 不同的开发者由于本地机器性能、网络情况的不同，运行出来的体验报告可能不一致，这样就会使得我们每次测出来的报告会具有较大的不确定性。 运行 Audits 时，可以看到面板上面有这样的提示：“请自行操作小程序，尽可能的覆盖到所有页面“。部分小程序有 100+ 页面，单纯靠人工进行页面遍历，操作了一次耗费了 20-30 分钟。 当我们修改了部分问题时，想要看一下小程序评分有没有提升，这时候又需要 20+ 分钟的手动操作，这确实让人难以接受。 确定技术选型 根据上面的技术调研，Audits 是比较符合我们的业务场景诉求，能够帮助我们进行小程序打分，并给出小程序存在的具体问题。只是在使用过程中，操作起来存在很多不爽的地方。为了在业务中使用 Audits 更加顺手，萌生了一个大胆的想法。 我们可以使用远程 MAC 开发机来运行小程序开发者工具，这样能保证运行环境（机器性能、网络情况）的一致性。通过编写自动化测试脚本，驱动小程序进行自动页面遍历，页面遍历完成后，生成 Audits 评分报告。 想要对小程序进行自动化测试，经常会接触到两款工具: Automator 和 **Minium。**两者对比下来，主要有以下差异点： Minium 的定位是自动化测试框架，而 Automator 的定位是自动化测试工具，相比 Automator，Minium 具有以下优势： 1. 支持所有 Automator 功能。 2. 跨平台的产品（IDE，Android和IOS）支持真机测试。 3. 支持往 AppSerive 注入代码片段执行。 4. 支持 Mock、Hook wx 对象上的接口。 5. 支持截屏、断言并导出测试报告。 6. 支持账号池管理，IDE 登录无需用户扫码。 7. … 因此最终我们选用了功能更加完备的 Minium 来编写小程序自动化用例，依托其现有的 IDE 登录、IDE 跑测、账号管理能力，为我们节约很多的开发时间。 整体方案设计 方案架构图：</",-,0,1,2025-07-15 14:43:12,2025-07-15 14:43:12
69,'','',114,https://minitest.weixin.qq.com/cloudtest/,minitest.weixin.qq.com,MiniTest-自动化测试平台,小程序云测试服务 微信官方测试团队支持，专为微信小程序 打造的一站式真机自动化测试和性能测试的测试平台 产品能力 自动化测试 提供智能化Monkey，录制回放和自定义测试 等多种自动化测试能力，满足不同团队自动化测试需求。 非常适合小程序 兼容性测试 和 自动化回归测试 等场景 性能测试 特别支持启动性能和运行时性能测试。 启动性能从包下载，代码注入，和首页渲染等方面帮助用户定位启动瓶颈。 运行时性利用体验评分能力，帮助开发者检测和定位小程序运行时性能问题 小程序质检 小程序质检将云测服务的自动化测试和性能分析能力结合起来， 从启动性能 、运行时性能、兼容性、网络性能为接入的小程序做一个全面的质量检测，汇总发现的问题，提供解决方案 独家优势 微信测试账号解决方案 经常用自己的微信号进行自动化操作，可能被微信安全判定为黑产而导致封号。云测提供24个虚拟测试账号 ，并独家支持使用真实账号授权测试 ，无封号风险，更加安全 支持多个小程序版本 独家支持小程序 开发中版本 （预览版本），体验版 和线上版多个版本的进行测试，更早介入实现测试左移。此外并提供了 丰富的API接口 ，帮助用户快速打通Devops流程 图片对比能力 云测服务特别支持 图片对比 能力。它作为自动化测试能力的补充，可用于比较稳定的小程序页面，在版本更新时，通过UI是否一致来校验是否改动原有的功能 真机体验评分 体验评分集成在开发者工具中，用于检测小程序运行时性能问题。云测独家支持将该能力移植到 真机上运行 ，更加贴近用户真实场景 性能数据获取更准确 通过微信客户端协议上报方式获取的性能数据，和We分析统计口径保持一致，数据统计更加准确 免费使用 每周赠送 150分钟 免费真机测试时长 满足绝大部分项目测试需求 他们都在用,-,0,2,2025-07-15 14:43:12,2025-07-15 14:43:12
70,'','',114,https://blog.51cto.com/u_16099279/10083560,51CTO博客,airtest 测试微信小程序 微信超准的测试小程序_mob6454cc71b244的技术博客_51CTO博客,airtest 测试微信小程序 微信超准的测试小程序 MiniTest 微信小程序云测服务简介 MiniTest 微信小程序云测服务是一套由微信测试团队自主研发，联合WeTest云真机能力，共同推出的微信小程序自动化测试服务。 服务基于云真机，支持开发者简单快捷地实现小程序智能化Monkey测试，录制回放，自定义测试和性能分析 等能力，并提供详细的测试结果及性能数据，云测服务目前支持的技术图片如下： 一、丰富的自动化能力 1. 零代码接入智能化Monkey测试 智能化Monkey基于微信团队自研的一套智能探索算法，程序会自动识别小程序中可操作的节点，建立探索路径，从而实现对小程序页面的智能遍历。这种模式非常适合页面较少，功能简单的小程序。我们也推荐大多数开发者选用这种模式，来实现零代码、低成本的快速冒烟测试或回归测试。关于Monkey的详细介绍，可以参考 微信小程序自动化测试——智能化 Monkey 测试过程中自动获取常规性能数据，如内存，CPU占用等，并会检测 <代码开始>黑白屏，JsError，Crash<代码结束> 异常情况，若出现异常情况会标记测试结果失败，并展示相关异常信息。 2. 录制回放 录制回放可以比智能化Monkey更进一步地指定测试场景，极地大提升了测试覆盖率，并且支持断言，元素检查等操作。 开发者可以在开发者工具上，通过点点点方式进行 录制回放，然后在云测服务上使用真机上进行回放。 在报告中，详细记录了跑测用例耗时情况，及日志信息、网络详情等、性能分析 且当录制回放步骤失败，报告展示相关错误信息，并提供错误排查指引，也可以加入企业微信群，联系MiniTest小助手排查 3. Minium自定义测试 小程序测试框架 Minium 是微信团队为开发者提供的一套测试接口，可以简单快捷地实现对小程序的自定义测试。云测服务支持基于Minium框架的脚本在真机测试。 开发者先根据业务需求，编写Minium测试脚本，编写完成后，在云测插件中上传用例，提交测试任务 测试报告总览提供用例信息、设备跑测用例耗时情况，错误信息等 测试详情信息，提供日志、网路详情、性能分析等 用例执行错误，提供用例代码及指示出错行、错误日志，可进一步排查错误原因 4. 自动化能力对比 <table> <tr><td>自动化测试能力</td><td>优点</td><td>缺点</td><td>适应场景</td></tr> <tr><td>智能化 Monkey</td><td>零代码，接入即用，可通过简单配置页面提供覆盖率</td><td>场景无法定制化；不支持输入，上传图片等复杂操作；不校验页面逻辑</td><td>快速冒烟测试</td></tr> <tr><td>录制回放</td><td>零代码生成用例脚本；快速生成用例，效率高</td><td>部分操作不支持，如果是上传图片用例调整不如Minium灵活；录制和回放的环境不同，有一定概率回放失败，需要调试</td><td>较简单的用例，自动化回归测试</td></tr> <tr><td>Minium 自定义测试</td><td>完全定制测试场景；灵活度高，能力全面；支持数据驱动测试（DDT）</td><td>需要自己写Python脚本，有一定的学习成本</td><td>较复杂的用例</td></tr> </table> 二、性能分析 在云测服务跑查任意测试时，会自动获取跑查过程中的以下性能数据 小程序启动时间 CPU 内存 FPS 启动性能专项测试 1. 启动性能分析 小程序启动是小程序用户体验中极为重要的一环，启动耗时过长会造成小程序用户流失，影响用户体验。 通过多次测试用户首次访问（需下载代码包）以及用户非首次访问（已下载代码包）两种情况，分析小程序在各个阶段的启动耗时情况，并以时序图展现，可清晰看到耗时分布情况，帮助用户针对性地提升启动性能 2. 真机体验评分 除了启动性能外，体验评分 也是开发者优化小程序的重要途径之一。云测服务将该能力移植到真机运行，更加贴近用户实际使用场景，并且和前面支持的自动化能力相结合。体验评分报告示例 三、其他能力 1. 支持多个小程序版本 云测服务为用户提供自动跑查 开发中版本、体验版、线上版 小程序 开发中版本：开发者可以使用预览的形式，提测开发中的版本，提前介入测试 体验版本：提测 MP平台 上指定的体验版本，适用于小程序上线前跑测 线上版本：提测小程序线上版本 2. 支持第三方接口提测 云测服务为了方便用户打通Devops流程，提供第三方https接口提测方式。具体可参考 第三方接口文档 3. 支持第三方服务商 云测服务支持小程序第三方服务商 提测。小程序第三方服务商对接业务小程序多，相对于普通开发小程序，每周免费跑测时长会增多 此外对于第三方服务商，特别支持快速Monkey测试模式，方便服务商一次测试多个授权的小程序。 4. 支持虚拟账号测试 云测服务只支持虚拟测试帐号跑测，以下是使用自己微信号与使用虚拟测试账号的对比 <table> <tr><td>使用自己微信号</td><td>使用虚拟测试账号</td></tr> <tr><td>✔ 自由配置</td><td>✔ 可在开发者工具上配置使用</td></tr> <tr><td>× 构造场景有限</td><td>✔ 24个虚拟账号可使用</td></tr> <tr><td>× 执行真机自动化容易封号</td><td>✔ 可共用，对于不同小程序虚拟账号是独立的</td></tr> <tr><td>× 不好共享测试账号</td><td>✔ 可以在云测服务上使用</td></tr> </table>,-,0,3,2025-07-15 14:43:12,2025-07-15 14:43:12
71,'','',114,http://www.apppark.cn/mobile/news_t_56175.html,应用公园,"小程序测试工具盘点,确保上线无忧!","小程序测试工具盘点,确保上线无忧! 小程序开发如火如荼，但若未经充分测试就匆忙上线，轻则功能异常、体验卡顿，重则用户流失、口碑受损。如何规避风险？关键在于选对小程序测试工具，在小程序上线前筑起质量防线。以下精心盘点的工具矩阵，助你从容应对测试挑战： 一、官方开发者工具：基础必备 微信/支付宝开发者工具： 提供模拟运行、调试、基础性能分析功能，是本地开发与初步测试的起点。支持真机预览，快速定位基础逻辑与界面问题。 关键用途： 本地调试、基础功能验证、初步性能检查。 二、自动化测试工具：效率倍增 Minium (微信官方)： 专为微信小程序设计的自动化测试框架，支持Python编写用例，模拟用户操作（点击、输入、滑动），验证功能逻辑与界面响应。 Jest + 小程序测试库： 流行的单元测试框架，结合`miniprogram-simulate`等库，可对小程序页面、组件逻辑、工具函数进行隔离测试。 关键用途： 功能回归测试、核心业务流程保障、减少重复手工操作。 三、云真机测试平台：覆盖多端环境 Testin云测 / 腾讯WeTest： 提供海量真实手机设备（不同品牌、型号、系统版本），在线进行小程序兼容性、UI适配、性能及稳定性测试。真实环境发现问题，远超模拟器效果。 关键用途： 解决碎片化设备兼容难题、发现特定机型上的崩溃/卡顿/UI错乱、压力测试。 四、性能与异常监控工具：线上保障 Fundebug / Sentry： 小程序上线后，实时监控运行时错误（JS异常、API失败、资源加载失败等），收集堆栈信息、用户操作路径，助力快速定位线上问题。 微信性能监控 / 阿拉丁： 分析用户实际使用中的性能数据（启动耗时、页面渲染时间、请求耗时、内存占用），找出性能瓶颈，针对性优化。 关键用途： 线上问题快速发现与诊断、性能持续优化、提升用户留存。 科学选择，高效组合 开发阶段： 官方工具调试 + Jest单元测试。 测试阶段： Minium自动化核心路径 + 云真机全面兼容性测试。 上线前： 全流程回归测试 + 压力测试。 上线后： 性能监控 + 异常监控持续保障。 结语： 质量是小程序成功的基石。从本地调试到云端真机，从自动化测试到线上监控，合理利用这些小程序测试工具构建完整的质量保障体系，才能最大程度规避风险，真正做到小程序上线无忧。投资测试时间，即是赢得用户口碑与商业回报。立即梳理你的测试流程，用对工具，让每一次发布都胸有成竹！",-,0,4,2025-07-15 14:43:12,2025-07-15 14:43:12
72,'','',114,http://m.toutiao.com/group/7520095982387675688/?upstream_biz=doubao,领先技术探路者,国内头部自动化测试供应商排名(2025版6月)_领先技术探路者,2025年AI自动化测试平台深度评测:技术变革下的质量保障新范式 一、行业背景:AI如何重塑测试效率天花板 根据Gartner 2024年报告，全球云测试市场规模达96亿元，年增长率31.2%，但企业仍面临三大核心挑战:设备碎片化(安卓机型超5000款)、测试成本高企(自建实验室年均投入超50万元)、效率瓶颈(人工测试日均仅覆盖10款机型) 。在此背景下，AI驱动的自动化测试工具通过以下能力实现突破: 智能用例生成:自然语言需求自动转化为测试脚本，效率提升40%+; 动态自愈技术:UI变更自动适配，维护成本降低80%; 预测性分析:基于历史数据的缺陷预测准确率达75%以上。 本文将结合权威数据与实战案例，对主流AI测试平台进行横评，并重点解析腾讯优测Utest的差异化实践。 二、五大AI测试平台能力横评 评测维度 Testim.ai Applitools Sauce Labs 腾讯优测Utest LambdaTest 核心技术 NLP用例生成 视觉AI校验 云端设备池 XTest引擎(录一次测千机) HyperExecute智能编排 跨平台能力 Web/移动端/API Web/AR/VR 2000+浏览器组合 3000+真机覆盖98%机型 2000+浏览器/设备 AI创新点 动态元素定位 智能基线管理 并行测试加速 AI缺陷预测+源码级定位 测试优先级优化 本土化适配 依赖国际框架 视觉标准需调整 服务器位于海外 微信/鸿蒙全栈支持 部分区域延迟较高 行业案例 电商/金融 媒体/教育 跨国企业 服务2000+企业(含平安银行等) SaaS领域 关键发现: 国际工具在垂直领域表现突出，如Applitools的视觉测试准确率超99%; 本土化需求催生差异化方案:腾讯优测凭借微信生态实战经验与鸿蒙全栈支持，在金融、社交领域覆盖率领先; 成本效率平衡:中小团队可优先考虑低代码工具(如Testim.ai)，大型企业需关注全链路能力(如优测的DevOps集成)。 三、腾讯优测的AI测试实践:从工具到生态 案例1:金融级全链路压测 某股份制银行采用优测的百万级并发模拟系统，实现: 生产环境稳定性:系统崩溃时长从年均8小时降至4.3分钟; 智能容量规划:AI根据业务流量预测资源需求，扩容成本降低35%。 技术突破点: 物理云真机实验室:2000+真机远程操控，画面传输达50帧/秒，支持ADB调试与实时监控; AI缺陷特征库:基于腾讯内部QQ、微信等亿级用户产品沉淀数万条适配问题数据，定位准确率提升70%。 案例2:小程序自动化测试 针对微信小程序高频迭代需求，优测的“录一次测千机”技术实现: 脚本复用率92%:远高于行业平均的60%; 发布周期缩短54%:通过DevOps流水线智能卡控。 四、企业选型指南:如何匹配业务需求? 根据DORA年度指标库分析，建议分层决策: 高频迭代业务(如社交/电商): 优先选择支持持续测试的平台(如优测的API文档自动转用例功能); 关注跨平台复用能力(如鸿蒙Next与iOS脚本兼容性)。 严苛合规场景(如金融/医疗): 需通过ISO 27001认证(优测已获得); 选择具备全链路加密的方案(如优测的数据隔离机制)。 中小团队: 从低代码工具切入(如XTest的零编码发压功能)，逐步过渡到完整AI测试体系。 五、未来趋势:测试工程师如何拥抱AI? IDC预测，2025年45%的测试任务将由AI自主执行，但人类专家的价值将转向: 质量策略设计:定义AI训练规则与业务验收标准; 异常决策:解析AI误报(如优测的专家调优服务提供内核参数优化); 体验创新:通过用户行为大数据训练更精准的测试模型。 权威结语:AI测试不是替代，而是解放。正如腾讯优测十年服务经验所示，技术的终极目标始终是“让质量保障无声嵌入每个研发环节”(搜狗百科)。,-,0,5,2025-07-15 14:43:12,2025-07-15 14:43:12
73,'','',114,https://blog.csdn.net/weixin_30405421/article/details/99021654,CSDN博客,FAutoTest-微信小程序 / 公众号H5 自动化利器-CSDN博客,"FAutoTest-微信小程序 / 公众号H5 自动化利器 转载 X5内核H5自动化背景 近来有很多童靴咨询如何做微信小程序 /公众号等H5页面来做自动化，之前写了一篇文章微信小程序自动化测试实践 https://www.cnblogs.com/yyoba/p/9455519.html/ 其中的工具是用appium来做。但是微信小程序/公众号这种H5页面是用微信自家X5内核来渲染的，appium对其支持的并不是非常理想，通过ChromeOption定制X5内核的进程运行时其稳定性不尽如人意，最近有关注到腾讯自家开源了专门做微信小程序/公众号H5页面自动化的框架，所以给各位小伙伴们唠叨唠叨。 FAutoTest FAutoTest是腾讯自家开发来做微信H5页面的自动测试框架，既然企鹅能将其开源，说明这个框架应该是经过其内部验证实践的。我们可以从GitHub上找到这个开源项目地址 https://github.com/Tencent/FAutoTest/ 框架的介绍和使用需要的环境官方网址已经介绍的非常详细了（对于英文犯晕的同学友好度max），这里就不多做介绍。 还要再重点强调一遍，必须要打开微信的内核debug 模式，怎么打开可以参考我之前的微信小程序自动化测试实践这篇blog。之前是写的微信小程序实践，那这篇就拿公众号来试下水。 FAutoTest实践 工具选型 官方有对其介绍：框架内打包了 Python 版本的 UIAutomator，方便在安卓 Native 页面进行操作。所以在工具选型上面直接抛弃了appium，一来appium运行速度慢，需要进行大量的初始化操作，二来本身appium就是基于UIAutomator，何不就用python版的UIAutomator呢（感谢国内前辈贺晓聪大神的的框架，对python版封装的很优秀），有兴趣的同学可以去观摩下：https://github.com/xiaocong/uiautomator/ 准备工作/注意事项 准备一台有root权限的手机（不能是模拟器，模拟器不支持X5内核），因为框架会通过adb shell ps检测微信Tools进程，如果手机没有root权限检测不到 用chrome的inspect童靴准备翻墙软件（不想折腾的可以使用UC开发者工具，具体参考我之前的博客） python版UIAutomator在初始化的时候会在手机端安装两个应用UIAutomator，com.github.uiautomator，有些型号手机需要手动选择允许安装 页面元素定位 打开微信，通过uiautomatorview.bat工具定位到元素信息 打开微信公众号，通过chrome:inspect探测web页面的元素 以柠檬班软件测试公众号举例：测试流程经过的元素信息 通讯录 text定位 公众号 text定位 柠檬班软件测试 需要先滑动至柠檬班软件测试，再去点击 粉丝福利 text定位 java自动化 text定位 咨询按钮 xpath定位：//*[@id=""js-bottom""]/div[2]/div[1]/button 咨询输入框 xpath定位：//*[@id=""js-input""] 发送按钮 xpath定位：//*[@id=""js-btn-send""] 自动化脚本编写 先手动开启对应的H5页面，来看下FAutoTest是否能完成H5页面的自动化测试，代码如下： <代码开始> #初始化driver h5Driver = H5Driver() h5Driver.initDriver() #点击咨询按钮 h5Driver.clickElementByXpath('//*[@id=""js-bottom""]/div[2]/div[1]/button') #点击输入框 h5Driver.clickElementByXpath('//*[@id=""js-input""]') h5Driver.textElementByXpath('//*[@id=""js-input""]','how much') #点击发送 h5Driver.clickElementByXpath('//*[@id=""js-btn-send""]') h5Driver.close() <代码结束> 嗯，一切正常，接下来上native原生页面代码，以及unitest用例管理 <代码开始> # coding=utf-8 from fastAutoTest.core.h5.h5Engine import H5Driver import unittest import os from uiautomator import Device from time import sleep class wechatPublicTest(unittest.TestCase): @classmethod def setUpClass(self): #使用adb命令调起微信 cmd = 'adb shell am start com.tencent.mm/com.tencent.mm.ui.LauncherUI' os.system(cmd) #对应设备的deviceName androidDriver = Device('ZX1G225X2G') print androidDriver.info self.driver=androidDriver #休眠一下，等待微信主页面加载完毕 sleep(5) #微信原生界面流程测试,用uiautomator框架 def test_public_native(self): #找到微信主页面的“通讯录” 并点击 self.driver(text='通讯录').click() #点击公众号 self.driver(text='公众号').click() #上下滑动去找柠檬班软件测试公众号 self.driver(scrollable=True).scroll.to(text=""柠檬班软件测试"") self.driver(text='柠檬班软件测试').click() self.driver(text='粉丝福利').click() #选择java自动化 self.driver(text='java自动化').click() sleep(5) #微信公众号H5部分测试，用到FAutoTest框架 def test_public_we_h5(self): #初始化driver h5Driver = H5Driver() h5Driver.initDriver() #点击咨询按钮 h5Driver.clickElementByXpath('//*[@id=""js-bottom""]/div[2]/div[1]/button') #点击输入框 h5Driver.clickElementByXpath('//*[@id=""js-input""]') h5Driver.textElementByXpath('//*[@id=""js-input""]','how much') #点击发送 h5Driver.clickElementByXpath('//*[@id=""js-btn-send""]') h5Driver.close() @classmethod def tearDownClass(self): #测试用例运行结束关闭应用 cmd = 'adb shell am force-stop com.tencent.mm' os.system(cmd) if __name__ == '__main__': unittest.main() <代码结束> 运行效果 转载于:https://www.cnblogs.com/yyoba/p/9973731.html 原文链接：http://www.cnblogs.com/yyoba/p/9973731.html",-,0,6,2025-07-15 14:43:12,2025-07-15 14:43:12
74,'','',114,https://docs.pingcode.com/ask/237844.html,docs.pingcode.com,如何对微信小程序进行自动化测试 – PingCode,如何对微信小程序进行自动化测试 要对微信小程序进行自动化测试，主要包括以下几个方面：环境配置、测试工具选择、测试用例设计、自动化脚本开发、以及测试结果分析 。其中， 测试工具选择对整个自动化测试流程至关重要，因为正确的工具不仅能提高测试的效率，还能确保测试的准确性。在微信小程序的自动化测试中，选择能够模拟用户行为、兼容小程序框架、并且支持持续集成的测试工具尤为关键。接下来，我们将详细探讨如何有效地进行微信小程序的自动化测试。 一、环境配置 在开始自动化测试之前，首先需要配置适合微信小程序的测试环境。这包括但不限于安装Node.js、微信开发者工具和需要的测试框架等。 安装Node.js: Node.js是实现微信小程序自动化测试的基础。大多数自动化测试工具，如Jest、Mocha等都需要在Node.js环境中运行。 微信开发者工具的配置: 微信开发者工具不仅是开发微信小程序的利器，同时也支持自动化测试。通过配置项目的自动化测试选项，可以使得自动化测试脚本能够在微信小程序的真实环境下执行。 二、测试工具选择 选择合适的测试工具是实现微信小程序自动化测试的关键一步。目前，有几款测试工具在微信小程序测试中表现突出，包括但不限于Minium、微信小程序自动化测试框架（MAT）、Selenium等。 Minium: 它是一款专门为微信小程序设计的测试工具，能够模拟用户的交互操作，并提供了丰富的API支持小程序的自动化测试。 微信小程序自动化测试框架（MAT）: 这是由微信官方推出的测试框架，能够很好地支持小程序的组件测试和API测试，适合进行更深层次的测试。 三、测试用例设计 测试用例的设计对于确保测试质量和覆盖面有着决定性影响。对于微信小程序，测试用例应该覆盖用户交互、业务逻辑、接口调用、性能测试等多个方面。 用户交互测试用例: 这类测试用例关注用户在小程序中的操作流程，比如点击、滑动、输入等行为是否能得到预期的响应。 性能测试用例: 性能测试用例关注小程序的启动速度、响应时间以及在不同网络环境下的表现，以保证用户体验。 四、自动化脚本开发 自动化测试脚本的开发是实现自动化测试的核心。开发过程中，应该充分利用测试工具提供的API来模拟用户操作，以及验证小程序的反馈是否符合预期。 模拟用户操作: 利用测试工具提供的API模拟用户在小程序中的各种操作，如点击、滑动、输入等。 验证反馈: 在模拟操作后，需要验证小程序的反馈是否与预期相符，如界面的变化、数据的更新等。 五、测试结果分析 最后，测试结果的分析对于发现并修正问题至关重要。测试结果不仅包括测试是否通过，更应该分析性能数据、错误日志等，以找到潜在的优化点。 结果汇总: 将所有测试用例的执行结果进行汇总，包括通过率、失败的用例等。 性能数据分析: 对于性能测试用例，需要详细分析小程序在不同环境下的性能数据，以便发现性能瓶颈。 通过上述步骤，可以系统地对微信小程序进行自动化测试，从而提高测试效率，确保小程序的质量。 相关问答FAQs： 1. 为什么需要对微信小程序进行自动化测试？ 微信小程序在全球范围内的使用越来越广泛，为了保证小程序的质量和稳定性，进行自动化测试是非常重要的。自动化测试可以提高测试的效率，减少人工测试的工作量，保证测试结果的准确性，并且可以持续进行测试，及时发现和解决问题，提升用户体验。 2. 如何选择合适的自动化测试工具来测试微信小程序？ 针对微信小程序的自动化测试，可以选择适合的自动化测试工具来完成。目前市面上有很多成熟的自动化测试工具可供选择，例如Appium、Selenium、Robot Framework等。选择工具时需要考虑小程序的特性以及团队的开发技术栈，从而选出最适合的工具。 3. 在进行微信小程序的自动化测试时需要注意哪些问题？ 在进行微信小程序的自动化测试时，需要注意以下几个问题。首先，要确保测试环境的稳定性和一致性，包括网络环境、设备环境等。其次，要充分了解小程序的功能和业务逻辑，从用户的角度出发，设计测试用例。最后，还应注意测试数据的准备和数据隔离，以及测试结果的收集和分析。通过解决这些问题，可以有效提高微信小程序的自动化测试效果。,-,0,7,2025-07-15 14:43:12,2025-07-15 14:43:12
75,'','',114,https://blog.csdn.net/NHB234567/article/details/145777237,CSDN博客,minium-小程序自动化测试框架-CSDN博客,"minium-小程序自动化测试框架 原创 提起 UI 自动化测试，web 端常用 Selenium，手机端常用 Appium，那么很火的微信小程序 可以用什么工具来进行自动化测试？本篇将介绍一款专门用于微信小程序的自动化测试工具 - minium。 简介 minium 是为小程序专门开发的自动化框架, 提供了 Python 和 JavaScript 版本。使用 minium 可以进行小程序 UI 自动化测试, 但是 minium 的功能不止于仅仅是 UI 自动化, 甚至可以使用 minium 来进行函数的 mock, 可以直接跳转到小程序某个页面并设置页面数据, 做针对性的全面测试。 特性： 1、支持一套脚本，iOS & Android & 模拟器，三端运行 2、提供丰富的页面跳转方式，看不到也能去得到 3、可以获取和设置小程序页面数据，让测试不止点点点 4、可以直接触发小程序元素绑定事件 5、支持往 AppSerive 注入代码片段 6、可以调用部分 wx 对象上的接口 官方文档： https://run-noob.github.io/minium-doc-github/#/minium/Python/readme 安装 1、环境要求（Python 版本）： Python 3.x 微信公共库版本 >= 2.7.3 安装 稳定版微信开发者工具 如果要测 Android，下载 微信测试包 2、安装： （1）微信开发者工具-设置-安全设置，开启安全模式。 （2）安装 minium <代码开始> pip install minium <代码结束> 快速上手 1、使用开发者工具的命令行工具，输入命令打开测试小程序。 <代码开始> /Applications/wechatwebdevtools.app/Contents/MacOS/cli --auto /Users/wangmeng/WeChatProjects/testdemo --auto-port 9420 <代码结束> 注： （1）这里的 --auto-port 填写 9420，不是开发者工具安全模式的端口。 （2）确保开发者工具登录的微信号具备被测小程序的开发者权限。 （3）/Applications/wechatwebdevtools.app/Contents/MacOS/cli 命令行工具所在位置。 Mac: <安装路径>/Contents/MacOS/cli Windows : <安装路径>/cli.bat （4）/Users/wangmeng/WeChatProjects/testdemo 小程序工程的路径（例如官方的小程序示例）。 输入后，成功打开对应的小程序。 命令行输出：Open project with automation enabled success，表示成功。 2、确认开发者工具调试基础库版本 >= 2.7.3。 3、打开 IDE，如 PyCharm ，创建示例代码。 <代码开始>#!/usr/bin/env python# -*- coding: utf-8 -*-# 公众号：咖啡加剁椒import minium mini = minium.Minium()system_info = mini.get_system_info()print(system_info)<代码结束> 执行结果，成功打印出系统信息。 如果想在手机上运行脚本，可以点击开发者工具的真机调试，连接成功后，再次运行脚本，脚本就会在手机上面运行。 连接成功。 再次执行后，可以看到打印出的是手机上的系统信息。 测试框架 minium 提供一个基于 unittest 封装好的测试框架。 测试基类 MiniTest 会根据测试配置进行测试，minitest 向上继承了 unittest.TestBase。 示例代码，2条用例，每条用例都加上了断言。 <代码开始>#!/usr/bin/env python# -*- coding: utf-8 -*-# 公众号：咖啡加剁椒import miniumimport time class MyTest(minium.MiniTest): def test_view(self): self.page.get_element(""view"", inner_text=""视图容器"").click() self.page.get_element("".navigator-text"", inner_text=""swiper"").click() self.page.get_elements(""switch"")[0].click() self.page.get_elements(""switch"")[1].click() assertValue1 = self.page.get_element("".weui-cell__bd"").text self.assertEqual(""指示点"", assertValue1) time.sleep(0.5) self.app.navigate_back() def test_form(self): self.page.get_element(""view"", inner_text=""表单组件"").click() self.page.get_element("".navigator-text"", inner_text=""textarea"").click() self.page.get_element(""page > view > view > view:nth-child(1) > view.textarea-wrp > textarea"").click() self.page.get_element(""page > view > view > view:nth-child(1) > view.textarea-wrp > textarea"").input(""小程序自动化测试"") assertValue2 = self.page.get_element(""page > view > view > view:nth-child(1) > view.textarea-wrp > textarea"").text self.assertIn(""小程序"", assertValue2) time.sleep(0.5) self.app.navigate_back()<代码结束> 执行结果，2条用例执行成功。 自动生成 outputs 目录，将测试数据输出到 outputs 目录里，里面包含一个简易的测试报告。 打开命令行，跳转到脚本项目目录里，输入： <代码开始> python -m http.server 8080 -d outputs <代码结束> 在浏览器中输入 http://localhost:8080/ 可以查看测试报告。 执行日志。 如果不想在 IDE 上运行，只想在命令行上运行用例。 在项目的根目录上创建 suite.json 文件。 文件内容： <代码开始>{ ""pkg_list"": [ { ""pkg"": ""case.*"", ""case_list"": [ ""test_*"" ] } ]}<代码结束> 项目结构，case 目录存放测试用例。 打开命令行，跳转到脚本项目目录里（testdemo123 编写的脚本项目），输入： <代码开始> miniruntest -s suite.json <代码结束> 加载用例开始执行。 如果想在手机上运行脚本（如 Android），只需要在用例目录下创建 config.json 配置文件即可。 <代码开始>{ ""debug_mode"": ""info"", ""enable_app_log"": false, ""platform"": ""Android""}<代码结束> 然后连接手机，并且保证 adb devices 能够识别到手机，之后命令行输入执行命令就可以了。 最后感谢每一个认真阅读我文章的人！作为一位过来人也是希望大家少走一些弯路，如果你不想再体验一次学习时找不到资料，坚持几天便放弃的感受的话，在这里我给大家分享一些软件测试的学习资源，这些资料，对于【软件测试】的朋友来说应该是最全面最完整的备战仓库，希望能给你前进的路上带来帮助。如果你用得到的话可以直接拿走： 这些资料，对于【软件测试】的朋友来说应该是最全面最完整的备战仓库，这个仓库也陪伴上万个测试工程师们走过最艰难的路程，希望也能帮助到你！",-,0,8,2025-07-15 14:43:12,2025-07-15 14:43:12
76,'','',114,https://blog.csdn.net/spasvo_dr/article/details/132909103,CSDN博客,Android手机自动化测试工具有哪几种?_mobilerunner-CSDN博客,"Android手机自动化测试工具有哪几种？ 原创 android 自动化测试的工具非常多，但是目前主流使用的就那几个，我会详细说明他们各自的情况，你可以根据自己的需要决定使用哪款工具。 1、泽众MobileRunner 泽众MobileRunner是国内专业的支持HarmonyOS、IOS及Android上App、小程序、H5应用的自动化测试工具，实现7*24小时的自动化回归测试、功能测试、兼容性测试，让测试更简单。 自然语言展示脚本业务逻辑； 支持通过录制和拖拽脚本语句的方式配置脚本，降低代码编写能力要求。 脚本支持Android、Harmony、IOS手机； Web_MR平台可以对Android、Harmony和IOS手机的APP、小程序、H5进行测试。 云管理移动设备，通过浏览器连接设备进行操作； 通过浏览器访问的方式连接设备，增强了移动设备的统一管理。 可进行功能和兼容性的自动化测试，同时兼容性可查询性能指标； 执行过程可以获取CPU、内存、流量、FPS、电池温度。 可自动截图，直观查看执行记录； 可在执行过程中通过截图命令截取需要查看的页面，校验页面UI设计；同样在脚本执行失败时，可以通过截图定位问题。 测试用例可进行参数化，并且有丰富的校验方法，可与ATF无缝集成； 通过参数化覆盖业务规则的测试，减少脚本设计的复杂度和脚本设计的简单性；校验点包括数据库校验、正则表达式校验。 2、Appium Appium是目前最主流的移动测试自动化框架，不仅支持 Android 应用，而且适用于 iOS、混合和 Web 应用程序。它底层完全使用了 Selenium 和 WebDriver 的 API，所以如果你之前有用过 selenium, 几乎不需要额外的学习成本就可以使用 appium。appium 通过 uiautomator（API 级别 16 或更高）和 Seledroid（API 级别低于 16）支持 Android，但是你不需要具体懂这两个框架的具体用法，appium 都已经帮你封装成了统一的使用规则。 Appium 的最大优势之一是您几乎可以使用任何编程语言（例如 Java、Objective-C、JavaScript 、PHP、Ruby、Python 或 C# 等）编写 Appium 脚本，这意味这选择权在你，你可以使用自己最擅长的编程语言。如果你还熟悉 Selenium，那么不出意外，你可以在一天之内上手使用。 另外 webdriver 是一个统一的标准，已经提交给了 w3c 组织，你可以基于它的协议做进一步的扩展。看看简单的代码： textFields = driver.find_elements_by_tag_name('textField')assertEqual(textFields[0].get_attribute(""value""), ""Hello"") 3、Airtest 第二个我要推荐国产之光 airtest。 Airtest 项目是由网易游戏推出的一款自动化测试框架，项目有几大组件： Airtest：是一个跨平台的、基于图像识别的UI自动化测试框架，适用于游戏和App，支持平台有Windows 、Android和iOS Poco：是一款基于UI控件识别的自动化测试框架，目前支持Android原生app/iOS原生app/微信小程序 ，还有主流的游戏引擎，也可以在其他引擎中自行接入poco-sdk来使用 AirtestIDE：跨平台的UI自动化测试编辑器，内置了Airtest和Poco的相关插件功能，能够使用它快速简单地编写Airtest和Poco代码，甚至都可以不写代码。 AirLab：真机自动化云测试平台，提供了非常多的手机型号和兼容性测试、海外云真机兼容性测试等服务 私有化手机集群技术方案：从硬件到软件，提供企业内部私有化手机集群的解决方案 使用 airtest 的好处是中文文档健全，对英文不好的同学支持优化。官网也贴心的准备了视频教学和演示，帮助你快速上手。 4、Detox 这个框架非常低调，但是你用过一定会爱上它。 Detox 一个非常强的 JavaScript 移动测试框架，它的测试执行非常快速和健壮，因为在测试执行期间不需要外部附加工具来编排和同步。如果你优先考虑以下因素，你可以直接选用 detox： 使用 javascript 编程语言 比其他测试自动化框架更易于调试。 app 是 React Native 开发的，可迅速和 detox 集成 在测试执行方面比 Appium 快 文档比较容易掌握 下面是具体的代码，比较典型的代码编写方式： describe('HelloDetoxTest', () => { beforeEach(async () => { await device.reloadReactNative(); }); it('应该有欢迎屏幕', async () => { await expect(element(by .id('welcome'))).toBeVisible(); }); it('should show hello Rect after tap', async () => { await element(by.id('hello_react')).tap() ; await expect(element(by.text('React!!!'))).toBeVisible(); }); it('点击后应该显示屏幕', async () => { await element(by.id ('detox_button')).tap(); await expect(element(by.text('Detox!!!'))).toBeVisible(); }); }); 5、Espresso Espresso 是新型的的 Android 测试自动化框架，由 Google 开源，Espresso 的 API体积小、可预测、易于学习。你可以使用它快速编写简洁可靠的 Android UI 测试。它非常可靠，与 UI 线程同步并且速度很快，因为不需要任何睡眠（当应用程序空闲时，测试在同一毫秒内运行）。而且通过简单的配置，可以直接集成在 appium 中。",-,0,9,2025-07-15 14:43:12,2025-07-15 14:43:12
77,'','',115,https://www.oryoy.com/news/yi-ji-zai-shou-ios-yu-android-shuang-gong-cao-zuo-qing-song-ying-dui-bu-tong-chang-jing-tiao-zhan.html,云原生实践,1. 一机在手，iOS与Android双工操作，轻松应对不同场景挑战！,随着移动设备的普及，iOS和Android系统已经成为用户日常生活中的重要组成部分。掌握一机在手，同时操作iOS与Android设备的能力，对于职场人士、开发者以及广大用户来说，都具有重要意义。,2024-12-12,0,1,2025-07-15 14:45:00,2025-07-15 14:45:00
78,'','',115,https://blog.csdn.net/AirDroid_cn/article/details/134969864,CSDN,"2. 能在电脑同时控制苹果和安卓的软件,找到了!_电脑 控制 安卓-CSDN博客","山,既能远程控制安卓手机又能控制iPhone或iPad的软件是AirDroid Cast｡ AirDroid Cast是一款专业､强大且易于使用的投屏&控制工具｡不仅可以将安卓手机(安卓7.0及以上版本)､iPhone､iPad的屏幕画面投射到电脑上,还支持在电脑上使用鼠标直接控制它们｡也可直接通过Windows或Mac电脑控制安卓和iOS设备｡前者利用插件开通辅助权限,可以远程控制;后者利用蓝牙连接技术,是本地控制｡",2023-12-18,0,2,2025-07-15 14:45:00,2025-07-15 14:45:00
79,'','',115,http://mp.weixin.qq.com/s?__biz=MzkxNzcxMTc1MA==&mid=2247601067&idx=3&sn=783b6c7a136efc3e19078d0241b89b7a&chksm=c02242c97d5a0e7602dd975eca4a85c971d74f6b3de0cf0be728f8375c113e48ea98d4ebd90a#rd,|煜炎升,3. 多平台用户的最佳实践：如何在Android与iOS系统间高效管理和切换应用程序,在现代科技迅猛发展的背景下，越来越多的人同时使用Android和iOS设备。这种多平台的使用方式带来了便利，但也伴随着一些挑战，尤其是在应用程序的管理和切换方面。,2024-11-23,0,3,2025-07-15 14:45:00,2025-07-15 14:45:00
80,'','',115,http://mp.weixin.qq.com/s?__biz=MzIzNjQ5Mzg1Mg==&mid=2247556151&idx=1&sn=594d082a3b8f6f382e69d737b8885d27&chksm=e9313ced325bfdb0593d750a2428948fdb43c282928bc30d10265423c651af26a393d5cbf315#rd,|统信软件,4. 在统信UOS无缝管理iOS和Android设备，搞定！,同时，通过互传可以轻松管理手机中的图片、视频、音乐、文档和应用数据等，也可以轻松快速将UOS中的文件发送到手机上。通过互传进行数据传输不需要消耗流量，也不需要外部WiFi，还可以建立群组进行多对多互传文件，传,2023-12-12,0,4,2025-07-15 14:45:00,2025-07-15 14:45:00
81,'','',115,https://www.jiandaoyun.com/blog/article/586055/#respond,简道云,5. 一台手机两台设备管理软件 | 零代码企业数字化知识站,在现代科技环境中，有时需要通过一台手机来管理多个设备，尤其是在工作和个人生活之间保持平衡的情况下。要实现这一点，首先需要确保你选择的两款设备管理软件可以兼容你的手机操作系统。,2024-07-26,0,5,2025-07-15 14:45:00,2025-07-15 14:45:00
82,'','',115,https://cloud.tencent.com/developer/information/%E7%A7%BB%E5%8A%A8%E7%AE%A1%E7%90%86%E5%B7%A5%E5%85%B7%E5%85%8D%E8%B4%B9%E8%AF%95%E7%94%A8-album,腾讯云,6. 移动管理工具免费试用 - 腾讯云开发者社区 - 腾讯云,在当今的数字化办公环境中，移动管理工具对于提升企业效率和确保数据安全至关重要。以下是一些流行的移动管理工具及其免费试用信息：,02-20,0,6,2025-07-15 14:45:00,2025-07-15 14:45:00
83,'','',115,https://www.jiandaoyun.com/blog/article/604637/,简道云,7. 有什么好用的设备管理软件 零代码企业数字化知识站,"Panda､Ivanti｡简道云非常出色,因为它集成了丰富的设备管理功能,并且支持多种平台｡ 一､简道云 简道云 是帆软旗下的一款设备管理软件,具备多样化的功能,适用于各种企业｡",2024-07-27,0,7,2025-07-15 14:45:00,2025-07-15 14:45:00
84,'','',115,http://mp.weixin.qq.com/s?__biz=MzU2MDY4ODkyNg==&mid=2247490150&idx=1&sn=ae1eeb7ca96ee945261f2639229b94e5&chksm=fd2b049f939ead04c2c483dc372fbc717d5577de0e04ade9488c21dd2bc859a6902b1c8f4bb8#rd,|全栈程序员园地,8. 一款开源免费、优雅强大的跨平台 Android 设备控制工具,是一个开源、免费、优雅、强大的跨平台 Android 设备控制工具，基于 Scrcpy 的 Electron 应用。它支持无线连接和多设备管理，使得用户能够轻松地将电脑变成,03-09,0,8,2025-07-15 14:45:00,2025-07-15 14:45:00
85,'','',116,https://www.applivery.com/,applivery.com,"Android, Apple & Windows Device Management & App Distribution Platform","Unified Endpoint Management Unified Endpoint Management Manage Android, Apple and Windows devices effortlessly Consolidate Android , Apple and Windows device management, automating day-to-day tasks and ensuring compliance with the strictest security policies. Trusted by 10,000+ customers worldwide Read our Customer Stories Android, Apple & Windows Device Management Overview Manage Android Devices Validated Android Enterprise EMM solution. Manage Apple Devices World-class MDM Solution for Apple Devices. Manage Windows Devices Apps, devices and security in one single license. Everything you need for any use case Devices. Users. Apps. Compliance. Enrollment Management Distribution Securitization Configure devices within minutes, remotely and without any hands-on intervention Smart Enrollment & Zero Touch Conditional policy assignment Policies by user-groups Account provisioning Identity Management Multiple Enrollment Methods Password Synchronization Seamless experience for users, fast implementation for IT Managers The best to manage and easiest to use Fast and guided onboarding Android & Apple Support Remote Support Device health monitoring macOS Scripts Self-Service App Distribute Apps to any OS, with transparent installation and updates App lifecycle management From App Store & Google Play App Library from Homebrew Audit, Enforce, pre- and -post scripts Beta testing solution Developer tools / CI&CD Update management Enforce company policies, make sure security is not compromised Review security checks and take action Managed OS Update Filevault recovery Activation Lock Remote Lock & Wipe Lost Mode Full Compliance Explore proven ways to work more efficiently Policy Templates Comprehensive library of pre-configured policies templates to save operational time. Kiosk Mode Safely limits the operation of a device to a predefined selection of apps and features. macOS Scripts Run scripts and commands to streamline workflows and easily keep system status up to date. Self-Service Portal Centralized, native app that allows end-users to take a proactive role in managing their devices. Usage Analytics Location tracking, apps usage to provide a deep understanding of how devices are used. Remote Support Designed to empower IT support teams to remotely troubleshoot, diagnose and resolve issues. Smart Zero Touch Dynamic and automated enterprise device provisioning and configuration process. Managed OS Updates Ensure that devices remain up-to-date, secure, and compliant with organizational standards. SSO Integrations Access devices, apps and corporate resources with a single set of credentials. Advanced App Distribution Save time by automating application distribution, try our best-in-class CI&CD tool. App Distribution Platform › DevOps Tools ready for Enterprise Join us, alongside many developers whose apps have over 100 million downloads. App Distribution Internal or external app distribution for both managed or unmanaged devices. Enterprise App Store Fully branded enterprise App Store to fit your company branding, designed for both technical and non-technical users. Beta Testing Friendly for beta testers and QA teams, ensuring that users always test the right version of the application. See how our customers drive secure devices Ensuring Contractor Digital Environment Security with Applivery ""Working with Applivery has been an enormously rewarding experience. The technical support team stands out for their exceptional attention and closeness, always available to adapt to our needs. Read more... David Guisado - Industrial Mobility Sr. Analyst Enterprise (25.000+ emp.) Try Applivery completely free and without limits for 14 days. All of your device management tools in one place: Devices, Apps, Data, Security, & more. Streamlining device management",-,0,1,2025-07-15 14:45:00,2025-07-15 14:45:00
86,'','',116,https://m.sohu.com/a/896636811_121275708/,搜狐网,一石二鸟:学会这招，让你的电脑轻松驾驭苹果和安卓手机!_iPhone_操作_AirDroid,一石二鸟：学会这招，让你的电脑轻松驾驭苹果和安卓手机！ 根据工业和信息化部 2025 年 1 月发布的《2024 年通信业统计公报》数据，截至 2024 年底，中国移动电话用户总数达到 17.9 亿户，全国总人口约为 14.1 亿人，以此计算，国内手机普及率为127.1 部 / 百人 ，即人均拥有约 1.27 部手机。 很多人手中都同时握有iPhone和安卓设备，在协同办公越来越普及的今天，你有没有想过可以在电脑上同步操作苹果手机和安卓手机，避免工作时分神？ 本篇文章可以教你如何在电脑上同时操作苹果手机和安卓手机。 首先注意，苹果手机（或iPad）需要是iOS 11及以上系统版本，安卓手机（或平板）需要是安卓7.0及以上版本。 步骤一，在iPhone、安卓手机、电脑都安装AirDroid Cast，然后登录高级账号。iPhone和电脑需要连接同一个WiFi。 步骤二，打开电脑端软件，点击【无线】板块，里面有一串9位数的投屏码，将这个投屏码填写到iPhone。 步骤三，点击电脑端软件左侧栏【开启新窗口】，这时弹出一个新的投屏窗口，将这个窗口的9位数投屏码填写到安卓手机。 前面三个步骤完成后，iPhone和安卓手机的屏幕画面就投射到电脑。 步骤四，点击iPhone投屏的左侧栏【打开控制】，打开iPhone的蓝牙和电脑的蓝牙，根据控制操作提醒，让苹果手机和电脑配对在一起。配对成功后，窗框的左侧栏会出现控制功能按键，这时就可以用电脑鼠标操作iPhone了。 注意，电脑操作iPhone的范围就在蓝牙连接范围内，不能远程操作。 步骤五，点击安卓手机投屏的左侧栏【打开控制】，根据提示，将插件安装到安卓手机后，电脑的投屏窗框会出现控制功能按键，这时就可以用鼠标操作安卓手机里的APP了。 电脑操作安卓手机，可以实现远程操作，例如手机和电脑在不同城市，也能实现。 电脑同时操作iPhone和安卓手机的方法已经讲解完毕，感兴趣的朋友们可以立即体验！,-,0,2,2025-07-15 14:45:00,2025-07-15 14:45:00
87,'','',116,https://blog.csdn.net/gulu230220/article/details/148478235,CSDN博客,如何实现安卓端与苹果端互通的多种方案_ios安卓通用开发-CSDN博客,如何实现安卓端与苹果端互通的多种方案 原创 最新推荐文章于 2025-07-05 17:38:42 发布 2025-06-06 16:53:00 阅读量 817 收藏 8 3赞 咕噜企业签名分发-大圣 码龄2年 关注 一、使用Web技术 通过HTML、CSS和JavaScript等前端技术，开发一个响应式网页应用，确保在不同分辨率和操作系统的设备上都能提供一致的用户体验。这种方式不仅能够实现应用的功能在不同平台上的统一展示和交互体验，还能有效利用现有的网页开发资源和工具，提高开发效率和用户满意度。此外，Web技术具有广泛的兼容性，用户无需下载安装应用，直接通过浏览器即可访问，极大地方便了用户的使用。 二、采用跨平台开发框架 利用React Native、Flutter等先进的跨平台开发框架，开发者可以使用同一套代码构建在安卓和苹果设备上运行的移动应用。这些框架提供了丰富的组件和API，能够实现接近原生应用的性能和体验。通过这种方式，开发团队可以大幅简化开发流程，节省开发时间和成本，同时确保应用在不同平台上的一致性和稳定性。 三、原生开发结合通信协议 在安卓端，开发者可以使用Java或Kotlin语言，借助Android SDK实现各种复杂功能;在苹果端，则可以使用Objective-C或Swift语言，利用iOS SDK完成相同的功能实现。为了实现两端的数据交互和功能互通，可以通过RESTful API、WebSocket等高效的通信协议，设计出良好的接口和协议标准，确保数据在不同平台间流畅传输，用户体验无缝衔接。 四、利用第三方平台或工具 Firebase、AWS Amplify等第三方平台提供了实时数据库、云存储、身份验证等多种功能，极大地便利了跨平台的数据交互和同步。此外，腾讯云通信、环信等专业的即时通讯平台也提供了成熟的跨平台即时通讯解决方案，帮助开发者快速实现安卓和苹果设备间的实时通信功能。这些第三方服务和工具不仅功能强大，而且经过广泛的市场验证，具有较高的可靠性和安全性。 五、搭建云端后端服务 通过自主搭建后端服务或使用AWS、阿里云等知名云服务提供商的解决方案，创建一个统一的后端系统。这个系统可以为安卓端和苹果端提供一致的数据访问和操作接口，确保两端通过调用相同的API与后端进行高效交互。在这种架构下，不仅能够实现功能互通，还能有效提升系统的可扩展性和维护性，为未来的功能扩展和升级打下坚实基础。 六、使用数据迁移工具 对于普通用户而言，可以使用“转移到iOS”应用、换机助手、手机克隆等专业数据迁移工具，在安卓设备和苹果设备之间便捷地传输数据。这些工具通常支持多种数据类型，如短信、备忘录、通讯录、照片、视频等，能够帮助用户快速完成设备间的数据迁移，极大地方便了用户在不同平台间的切换和使用。 在选择具体的互通方案时，需要综合考虑项目需求、技术背景、平台特性适配、开发成本、用户体验等多个因素，以确保最终实现的方案既高效又可靠，能够满足不同用户群体的多样化需求。 七、采用混合开发策略 混合开发策略结合了原生开发与Web技术的优势。开发者可以在原生应用框架内嵌入WebView组件，用于展示网页内容或运行特定的Web应用。这种方式允许开发者利用HTML5、CSS3和JavaScript等Web技术快速构建用户界面，同时保留原生应用访问设备硬件、高效性能和安全性的能力。通过合理设计，混合应用可以实现安卓端与苹果端在功能、界面和交互上的一致，同时降低开发复杂度，缩短产品上市时间。 八、利用云服务实现数据同步 云服务不仅可用于搭建后端服务，还能直接用于实现用户数据的跨平台同步。例如，开发者可以利用iCloud、Google Drive等云服务，让用户在不同设备上登录同一账号后，自动同步应用数据，如游戏进度、笔记内容、待办事项等。这种方式简化了数据同步的实现过程，降低了开发成本，同时提升了用户体验，使用户能够在任何设备上无缝继续之前的工作或娱乐。 九、实施统一推送服务 为了实现安卓端与苹果端在消息推送功能上的互通，开发者可以采用统一的推送服务(如Firebase Cloud Messaging、JPush等)。这些服务提供了跨平台的消息推送解决方案，允许开发者从后端服务器向用户的安卓和苹果设备发送实时通知。通过实施统一推送服务，应用能够保持与用户的实时互动，提高用户活跃度和留存率，同时降低推送服务的开发和维护成本。 十、考虑跨平台UI组件库 为了加速开发过程并确保应用在不同平台上的界面一致性，开发者可以考虑使用跨平台UI组件库，如React Native的React Navigation、Flutter的Material Design组件等。这些组件库提供了丰富的界面组件和布局选项，使开发者能够快速构建出符合平台设计规范的用户界面。通过合理使用这些组件库，开发者可以显著减少界面开发的工作量，提高开发效率，同时确保应用在安卓和苹果设备上具有一致的视觉和交互体验。 综上所述，实现安卓端与苹果端互通需要综合考虑技术选型、开发成本、用户体验等多个方面。在实际操作中，开发者可以根据项目需求和技术背景，灵活选择上述方案中的一种或多种进行组合应用，以达到最佳的开发效果和市场竞争力。 小程序看全文 APP 阅读全文,-,0,3,2025-07-15 14:45:00,2025-07-15 14:45:00
88,'','',116,https://blog.csdn.net/2301_79507619/article/details/137085600,CSDN博客,怎么让一台电脑同时操控多部手机同时运行程序?_电脑控制多台手机-CSDN博客,怎么让一台电脑同时操控多部手机同时运行程序？ 原创 要让一台电脑同时操控多部手机同时运行程序，通常可以通过以下几种方式实现： 使用ADB（Android Debug Bridge）：ADB是Android开发工具包中的一个命令行工具 ，可以通过USB连接将电脑和手机连接起来，从而实现电脑对手机的控制。通过ADB，可以在电脑上同时运行多个命令来操控多部手机，比如安装应用、启动应用、发送广播等操作。 使用Appium：Appium是一个开源的移动应用程序自动化工具，可以用于自动化测试 移动应用。通过Appium，可以编写脚本来自动化手机上的操作，并且可以同时控制多部手机。Appium支持多平台（Android和iOS），可以在电脑上运行多个Appium服务同时操控多部手机。 使用第三方远程控制工具：有一些第三方工具，如TeamViewer、AirDroid等，可以实现远程控制手机的功能。通过这些工具，可以在电脑上同时查看多部手机的屏幕，并进行操作。不过需要注意的是，这种方式可能会有延迟和性能问题。 使用虚拟化技术：通过虚拟化技术，可以在电脑上创建多个虚拟机实例，每个虚拟机实例代表一部手机，然后在每个虚拟机中运行手机操作系统。这样就可以模拟多部手机同时运行程序，实现在电脑上同时操控多部手机的效果。 无论采用哪种方式，都需要在电脑和手机之间建立连接，并且需要在电脑上安装相应的工具或软件来实现对手机的控制。同时，要确保电脑性能足够强大以支持同时操作多部手机。 这里针对各种方式进行详细解释并阐述优点： 1. 使用ADB（Android Debug Bridge） 功能描述：ADB是Android开发工具包中的一个命令行工具，用于与连接的Android设备通信。通过ADB，可以在电脑上执行各种操作，如安装应用、调试应用、传输文件等。 操作步骤： 连接手机到电脑：使用USB数据线将手机连接到电脑。 启动ADB：在命令行中输入adb devices命令，查看连接的设备。 执行命令：通过ADB命令行，可以执行各种操作，如安装应用（adb install app.apk）、启动应用（adb shell am start -n package_name/activity_name）、发送广播等。 优点：ADB是官方提供的工具，稳定可靠，支持多种操作系统。 2. 使用Appium 功能描述：Appium是一个开源的移动应用程序自动化工具，支持Android和iOS平台。通过Appium，可以编写脚本来自动化测试、控制手机应用。 操作步骤： 安装Appium：在电脑上安装Appium服务，并启动Appium服务器。 编写脚本：使用Appium提供的客户端库，编写脚本来控制手机应用。 启动测试：运行脚本，Appium会通过ADB连接手机，并执行相应的操作。 优点：支持跨平台，可以同时控制多部Android和iOS设备。 3. 使用第三方远程控制工具 功能描述：第三方远程控制工具（如TeamViewer、AirDroid）可以实现远程控制手机的功能，可以在电脑上查看手机屏幕并进行操作。 操作步骤： 安装远程控制工具：在电脑和手机上分别安装对应的远程控制工具。 连接手机：通过工具建立连接，可以在电脑上查看手机屏幕，并进行操作。 优点：操作简单，无需编写脚本，适合一般用户使用。 注意事项 不同方式适用于不同场景，具体选择应根据需求和实际情况进行判断。 在使用以上方式时，要确保手机和电脑在同一局域网内，或者通过USB连接进行通信。 确保手机开启开发者选项，并启用USB调试模式，以便与电脑通信。,-,0,4,2025-07-15 14:45:00,2025-07-15 14:45:00
89,'','',116,https://blog.51cto.com/u_16175507/13081452,51CTO博客,安卓ios双系统_mob649e8166179a的技术博客_51CTO博客,安卓ios双系统 安卓和iOS双系统开发指南 在当前的技术环境中，许多开发者希望能够在单一的硬件平台上运行多个操作系统，尤其是在安卓和iOS之间。在这篇文章中，我们将共同探讨如何实现安卓和iOS的双系统方案。虽然在实际开发中，这样的需求涉及到许多技术层面的考量和法律问题，但我们会为你提供一个大致的思路和实现的步骤。 整体流程 为了使整个过程更加清晰，我们可以将其分为以下几个步骤： <table> <tr><th>步骤</th><th>描述</th><th>参考代码</th></tr><tr><td>第1步</td><td>确定硬件平台</td><td>-</td></tr> <tr><td>第2步</td><td>准备安卓系统</td><td><代码开始>adb install <app>.apk<代码结束></td></tr> <tr><td>第3步</td><td>准备iOS系统</td><td><代码开始>xcodebuild -workspace <workspace>.xcworkspace -scheme <scheme><代码结束></td></tr> <tr><td>第4步</td><td>分区和引导设置</td><td><代码开始>dd if=/dev/zero of=/dev/sda bs=1M count=1024<代码结束></td></tr> <tr><td>第5步</td><td>安装引导程序</td><td><代码开始>grub-install /dev/sda<代码结束></td></tr> <tr><td>第6步</td><td>配置启动管理器</td><td><代码开始>update-grub<代码结束></td></tr> <tr><td>第7步</td><td>测试和调试</td><td><代码开始>adb logcat<代码结束> 和 <代码开始>console.log<代码结束></td></tr> </table> 接下来，我们将详细说明每一步该做什么，以及相关的代码和实现逻辑。 步骤详解 第1步：确定硬件平台 选择一款支持多系统启动的硬件平台，通常是基于x86架构的设备。保证硬件有足够的性能来同时运行安卓和iOS系统。 第2步：准备安卓系统 你需要先准备好安卓系统镜像（例如自定义ROM）。通过ADB命令安装应用程序等。 <代码开始> adb install <app>.apk <代码结束> <代码开始>adb install <app>.apk<代码结束> 该命令用于将安卓应用程序安装到安卓设备上。 第3步：准备iOS系统 准备iOS系统通常涉及到Xcode的使用。通过命令行构建iOS应用。 <代码开始> xcodebuild -workspace <workspace>.xcworkspace -scheme <scheme> <代码结束> <代码开始>xcodebuild<代码结束> 该命令用于通过Xcode构建iOS应用。 第4步：分区和引导设置 使用 <代码开始>dd<代码结束> 命令进行磁盘分区和引导设置。 <代码开始> dd if=/dev/zero of=/dev/sda bs=1M count=1024 <代码结束> <代码开始>dd if=/dev/zero of=/dev/sda bs=1M count=1024<代码结束> 该命令用于在设备上创建一个空分区。 第5步：安装引导程序 安装GRUB（一个流行的引导加载程序），以管理操作系统的启动。 <代码开始> grub-install /dev/sda <代码结束> <代码开始>grub-install /dev/sda<代码结束> 该命令用于将GRUB引导程序安装到指定的驱动器上。 第6步：配置启动管理器 配置GRUB，使其能够识别并引导两个操作系统。 <代码开始> update-grub <代码结束> <代码开始>update-grub<代码结束> 该命令用于更新GRUB配置文件，使其识别新的操作系统。 第7步：测试和调试 最后，你需要通过设备日志工具测试和调试系统。 <代码开始> adb logcat console.log <代码结束> <代码开始>adb logcat<代码结束> 该命令用于查看安卓设备上的日志输出。 <代码开始>console.log<代码结束> 该命令用于查阅iOS系统中的控制台输出。 旅程图示 在实现双系统的过程中，开发者会经历以下旅程： 角色A 角色B 角色C 角色D 角色E 角色F 角色G 硬件选择 硬件选择 角色A 确定支持安卓和iOS硬件 确定支持安卓和iOS硬件 系统准备 系统准备 角色B 准备安卓系统 准备安卓系统 角色C 准备iOS系统 准备iOS系统 系统安装 系统安装 角色D 分区与引导设置 分区与引导设置 角色E 安装引导程序 安装引导程序 角色F 配置启动管理器 配置启动管理器 测试与调试 测试与调试 角色G 进行系统测试 进行系统测试 安卓iOS双系统开发旅程 序列图示 在开发双系统时，各个步骤之间的关系如下： 引导加载程序 iOS系统 安卓系统 开发者 引导加载程序 iOS系统 安卓系统 开发者 准备安卓镜像 准备iOS镜像 安装引导程序 更新配置 更新配置 测试系统 结论 实现安卓和iOS的双系统是一个复杂的任务，需要开发者具备一定的技术能力和对操作系统的基本理解。在整个过程中，除了执行相关的命令代码，还需要重视安全性和法律问题（如iOS的许可协议）。希望本文能够为你提供一些基础指导，让你在实现双系统的过程中少走一些弯路。 最后，保持对新技术的学习态度，继续探索和实践。在这个快速发展的领域，新的解决方案和框架层出不穷，成为一个优秀的开发者永远没有止步。祝你好运！,-,0,5,2025-07-15 14:45:00,2025-07-15 14:45:00
90,'','',116,https://blog.csdn.net/weixin_42299679/article/details/117342186,CSDN博客,"华为android框架服务,HUAWEI AppGallery Connect服务支持Android、iOS、Web、快应用等平台...-CSDN博客","华为android框架服务,HUAWEI AppGallery Connect服务支持Android、iOS、Web、快应用等平台... 转载 AppGallery Connect(简称AGC)平台在提供应用全生命周期服务的同时,考虑到多端跨平台的开发趋势,为开发者提供支持跨平台的服务能力,提供简单易用的多平台SDK、Restful接口,对接市面上大部分平台开发语言,服务器动态扩容等多项开发便利。 AppGallery Connect服务不仅支持Android、iOS、Web、快应用多个平台,而且还可以集成到Flutter 、Cordova和React Native跨平台框架上,开发出可以同时安装于iOS和Android设备上的应用。Unity、Cocos游戏引擎厂商也封装了基于AGC服务的Android SDK,以便您利用AGC服务开发用户喜爱的高品质游戏。 开发类服务帮助您提升应用开发效率,具备跨平台、上线快、成本低、免维护的服务优势,让开发、部署更简单;增长类服务基于AARRR增长 模型 ,帮助您的应用实现“拉新-促活-留存-收入-推荐”用户生命周期的运营增长,实现精细化运营;质量类服务覆盖了应用从开发态到发布态的全流程,灵活运用这些服务,可以帮助您更好地了解应用问题,监测应用性能,打造高质量的应用,为用户创造更好的应用体验。 一、支持Android、iOS、Web、快应用平台 AGC平台的所有服务可以支持Android平台全系列设备,而且跨平台服务集成步骤简单,您只需要在代码中将插件和SDK添加到对应的位置即可。详细的使用方法,请您访问AGC网站参阅Android使用入门,您也可以对应服务查看服务文档完成开发功能。 如果您开发的是iOS应用,需要在开发用的Mac上安装 Xcode 10.1或更高版本,为保证兼容性,要求iOS 8.0以上版本,安装Cocoa Pods 1.4.0或更高版本。iOS和Android平台集成方法和操作基本类似,详细的使用方法,请您访问AGC网站参阅iOS使用入门。 如果您开发的是Web应用或者快应用,请参阅Web使用入门和快应用安装开发工具指南。 二、支持Cordova、Flutter、React Native跨平台框架 基于跨平台应用程序框架构建的应用,不需要为每个平台进行单独的编码,而是一次编码就可以在多个平台上高效运行,成为当今应用程序开发领域中最受欢迎的方法之一。目前,认证服务、远程配置、崩溃服务可以支持Cordova、Flutter、React Native,您在使用以上服务前只需要将AGC跨平台框架插件集成到开发环境中,具体使用方法,请您参阅各跨平台框架的使用指南完成对应功能开发:Flutter使用入门、React Native使用入门、Cordova使用入门。 三、支持Unity 、Cocos跨平台游戏引擎 基于Unity和Cocos引擎开发的游戏应用,现在您可以集成使用认证服务、云 函数 、云数据库、云存储等开发类,崩溃服务、性能管理等质量类,以及远程配置、App Linking、应用内消息等增长类AGC服务,快速构建高品质游戏,提升游戏体验的同时,获得用户增长。详细的使用方法,请您参阅Unity(AGC)、Cocos(AGC)。 AppGallery Connect是支持全场景、跨平台、全终端的应用服务平台,后续将持续开放更多的跨平台服务能力,以满足多样化的应用场景需求,为华为终端用户提供更多精品应用与服务,也为您的 互联网 业务带来更多机会。欢迎写邮件至agconnect@huawei.com分享您的反馈。",-,0,6,2025-07-15 14:45:00,2025-07-15 14:45:00
91,'','',116,https://blog.51cto.com/u_16213644/14043295,51CTO博客,ios与android跨平台 android ios 跨平台开发_mob64ca1406d617的技术博客_51CTO博客,"ios与android跨平台 android ios 跨平台开发 所谓的跨平台app开发就是一套代码写完以后可以多端发布运行到各个平台，比如：安卓、iOS、web。 原生开发是一对一的，安卓、iOS需要分别写两套代码，学习成本高、开发成本高、后期维护麻烦；跨平台APP开发是一套代码可以同时生成安卓和iOS两个包，学习难度低、成本低、开发快速、后期维护方便。 目前移动端App有很多都已经采用跨平台开发技术。流行的技术有Html5混合开发和Reat Native开发。以下是对几种常见的框架的了解。 React Native： 是facebook公司的开源项目。最新版本0.43。 ReactNative 基于JavaScript库React.js来开发iOS和Android原生App。而且React Native已经用于生产环境——Facebook Groups iOS 应用就是基于它开发的。 IDE: Atom＋Nuclide插件 React Native里面没有webview，它不是Hybrid app，里面执行JS是用的 JavascriptCore。 优势-相对Hybird app或者Webapp： 1. 不用Webview，彻底摆脱了Webview让人不爽的交互和性能问题 2. 有较强的扩展性，这是因为Native端提供的是基本控件，JS可以自由组合使用 3. 可以直接使用Native原生的动画（在FB Group这个app里面，面板滑出带一点果冻弹动，面板基于某个点展开这种动画随处可见，这种动画用Native code来做小菜一碟，但是用Web来做就难上加难）。 优势-相对于Native app： 1. 可以通过更新远端JS，直接更新app，不过这快成为各家大型Native app的标配了… 劣势： 1. 扩展性仍然远远不如web，也远远不如直接写Native code 2. 从Native到Web，要做很多概念转换，势必造成双方都要妥协。比如web要用一套CSS的阉割版，Native通过css-layout拿到最终样式再转换成native原生的表达方式（比如iOS的Constraint\origin\Center等属性），再比如动画。另外，若Android和iOS都要做相同的封装，概念转换就更复杂了。 H5混合开发框架 现在有很多开发框架，使用这些框架可以迅速开发一个APP。以下四个Dcloud，Cordova，AppCan，ApiCloud是比较流行的。基本都带有自己的UI框架，实现原理都是Html+css+js。 Dcloud： Hbuilder：IDE，极大提升编码效率。 5+runtime： 增强版的手机浏览器引擎，让HTML5达到原生水平！ 原生40万API随意调用 Android低端机上流畅运行 打包方式：本地或云端。生成apk和ipa。 MUI-前端框架：iOS风格，基本满足开发需要。 Cordova： 由phoneGap发展而来，是一个用基于HTML、CSS和JavaScript的，用于创建跨平台移动应用程序的快速开发平台。它使开发者能够利用iPhone、Android、Palm、Symbian、WP7、Bada和Blackberry等智能手机的核心功能包括地理定位、加速器、联系人、声音和振动等，此外Cordova拥有丰富的插件，可以调用。 Ionic： 基于Cordova的开发框架。Ionic 利用 AngularJS创造出一款最适合开发丰富而强大应用的框架。Ionic一款开源的Html5移动App开发框架,是AngularJS移动端解决方案,Ionic以流行的跨平台移动app开发框架Cordova为蓝本，让开发者可以通过命令行工具快速生成android ios移动app应用。 IDE:WebStorm 打包方式：本地 AppCan： AppCan是基于HTML5技术的Hybird跨平台移动应用开发工具。 开发者利用HTML5+CSS3+JavaScript技术，通过AppCan IDE集成开发系统、云端打包器等，快速开发出Android、iOS、WP平台上的移动应用。AppCan将APP底层复杂的原生功能封装在引擎、插件中，开发者仅需调用接口、打包编译，就可以获得原生功能。 分为大众版和企业版。大众版免费，企业版收费，对应的支持也不同。 IDE:Eclipse+插件 打包方式：在线。 APICloud： APICloud 移动应用开发平台提供中国领先的“云端一体”的移动应用云服务，能够大幅降低移动APP开发和管理的难度。 DCloud起诉APICloud侵权的声明 实现原理相同，有自己的UI框架，不支持第三方框架。 IDE:WebStorm，Eclipse，Visual studio 等HTML编辑器 + 插件 打包方式：在线 WEEX: Weex 是阿里的一套简单易用的跨平台开发方案，能以 web 的开发体验构建高性能、可扩展的 native 应用，为了做到这些，Weex 与 Vue 合作，使用 Vue 作为上层框架，并遵循 W3C 标准实现了统一的 JSEngine 和 DOM API，这样一来，你甚至可以使用其他框架驱动 Weex，打造三端一致的 native 应用。 Vue.js 是 Evan You 开发的渐进式 JavaScript 框架。开发者能够通过撰写 *.vue 文件，基于 , WEX5: WeX5前端采用HTML5 + CSS + JS标准，使用AMD规范的requirejs、bootstrap、jquery等技术；WeX5手机APP基于phonegap（cordova）采用混合应用（hybrid app）开发模式；WeX5支持多种类型的后端，包括Java、PHP和.NET等，同时也支持云API。 开放的后端技术支持：WeX5的后端完全开放，可通过http和websocket等协议连接各种后端中间件或云服务（Java、PHP、.NET等） WeX5的部署完全开放自由，无任何限制，可以部署在任何公有云或私有云服务器上。 WeX5的IDE基于eclipse，提供了一个完全可视化、组件化、拖曳式开发环境，完全所见即所得。 其官网上的教程不是很好，感觉杂乱。 总结： H5混合开发几乎都是同样的套路，html+css+js，区别在于不同的UI框架，稳定性。上面的几种框架，最稳定的应该是Cordova。其他的也都有各自的优缺点。具体使用哪种框架还是要看具体的需求。– write Once Run Anywhere React Native着力于提高多平台开发的开发效率 —— Learn once, write anywhere",-,0,7,2025-07-15 14:45:00,2025-07-15 14:45:00
92,'','',116,https://m.baike.com/wiki/91%E5%8A%A9%E6%89%8B/4544128?baike_source=doubao,抖音百科,91助手[福建智度科技有限公司开发的PC端管理软件]_百科,91助手[福建智度科技有限公司开发的PC端管理软件]_百科 91助手PC版是一款支持iPhone、iPad、Android等智能手机系统的PC端管理软件，提供应用、游戏、主题、壁纸、铃声等资源下载，实现文件、短信、联系人、照片、视频的管理功能，还提供了备份还原、闪退修复、一键清理、一键加速等实用性工具。 同时，除了91助手PC版外，91助手还有以下版本:苹果助手(for Windows)、91助手越狱版(for Windows)、91清理大师(for Android)。 历程沿革 2013年，百度19亿美元收购91无线。 2017年，百度关停了91无线，百度福州研发中心的相关业务将陆续迁往北京。 2020年2月17日，百度移动开放平台发布关于91和安卓市场渠道的下线通知，通知称，百度移动开放平台现计划进行后台升级，将不再支持91和安卓市场渠道的渠道包上传和管理等功能。 适用范围 91助手兼容安卓(Android)、苹果(iOS)两大智能平台，支持电脑(PC)端、移动(手机)端同步管理。包括安卓(Android)版、iPhone越狱版、电脑(PC)版、iPad越狱版、限免版(非越狱设备推荐)等多种版本。 主要功能 海量应用，极速下载 超过100万款应用，15万套主题，56万张壁纸，12万首铃声。每天更新超过10000个资源、应用。全国CDN加速，优质资源极速下载。 权威认证，应用下载更放心 全方位安全检验，杜绝一切手机病毒和扣费插件，下载应用更放心。 智能升级，流量瘦身，全球首家支持iOS应用智能升级 全球首个支持iOS平台“智能升级”，仅下载应用更新部分，升级应用更省流量更省时间，节省流量最多可达90%以上。 全能搜索，懂你所需 语音搜索，文字搜索，二维码扫描，图标扫描……多种搜索方式结合智能关键词纠错，做你最贴心的全能搜索王。 “我的91云”，一键备份还原，珍藏永恒记忆 一键备份还原手机资料，换机必备。云端同步备份照片、通讯录，让你随时随地查看分享 移动端介绍 移动端介绍-基本介绍 91助手移动端(手机版)覆盖安卓(Android)及苹果(iOS)两大主流智能平台。用户不仅可以省时省流量地下载各类应用，还能够一站式获得主题、壁纸、铃声等内容。91助手支持USB(数据线)连接、WiFi无线连接，及多设备同时接入。您可以使用该软件实现对手机上的基础资料(如:联系人、短信、通话记录、文件、程序、图片、音乐、视频、电子书、进程、壁纸、铃声等)的管理。同时，您还可以通过我们丰富的资源开放平台，下载最新最热门的游戏。应用、音乐。铃声、图片。壁纸、电影。视频、电子书、手机主题，个性化您的爱机。 移动端介绍-iPhone越狱版 功能更新 完美支持iOS7越狱设备 推荐出新意，专题、精品、排行榜，精品应用随时下。 全新排行榜，时下热门、91总排行，最热应用在这里。 应用搜索支持语言输入，全能搜索我，优化信息架构，推荐、分类、搜索入口更明晰，找应用一键直达。 软件、游戏、铃声、主题、壁纸分类聚合，更快捷找资源。 云储存功能同步手机资料效率大幅提高。 每天换主题，给你每天好心情。iOS7下设置壁纸、铃声不用重启即可生效。 安全检测，可以检测到恶意应用伪装官方消息发送广告并支持一键清除。 91助手限免版(非越狱设备推荐) 功能更新 91助手帮助您第一时间发现最热门、最好玩的游戏和应用软件! 黑马榜单很好地照顾了最新上架的应用发现，第一次上架AppStore的应用只需要跟同期上架的应用竞争，更易于被发现。 优秀的编辑队伍，玩机达人沉溺于AppStore和各大网站，所有好的应用你绝对不会错过。 贴心的装机必备栏目，千锤百炼、反复推敲的栏目内容为的就是让您无忧安装乐享iPhone。 实时推送的限免消息，让一切限免都逃不过您的眼睛。 每周更新的专题，更有每周最佳应用，每周最佳游戏专题。 覆盖全部AppStore应用，在分类里包含了全部的应用，甚至我们还专门突出了其价格，过日子得学会精打细算。 电脑端介绍 电脑端介绍-基本介绍 91助手电脑(PC)版是国内最大、最具影响力的智能终端管理工具，也是全球唯一跨终端(PC&手机)、跨平台(Android&iOS)的内容分发平台。用户不仅可以一键操作轻松实现资料备份还原、应用管理、相册云同步、手机铃声制作等实用管理功能与服务，还能够畅享近百万款游戏和应用，千万款壁纸、主题、电子书、音乐和视频资源。iOS设备无需越狱，一样免费安装海量正版应用。 主要功能 • 多终端，跨平台 同时支持电脑(PC)、手机多终端管理，同时兼容安卓(Android)、苹果(iOS)多平台设备。 • 不越狱，免费装 • iOS设备无需越狱，一样免费安装海量正版应用。 • 手机应用管理 • 本地手机应用管理，热门游戏、应用下载安装。检测手机中的山寨应用确保手机安全。 • 个性娱乐手机生活 • 海量手机铃声、图片壁纸、主题免费下载，轻松添加到手机设置铃声与桌面壁纸。百万免费电子书、电子杂志在线、本地化管理。 • 备份还原 • 贴心的91云存储，备份还原短信、通话记录、主题铃声、联系人等十几种信息。 • 手机资料轻松管理 • 联系人管理，电脑收发管理短信，智能手机系统信息查阅，实现照片、联系人、日程、管理任务、系统文件的综合管理。 版本记录 91助手PC版版本记录 版本号 更新日期 软件大小 更新内容 6.10.17.1687 2020-12-24 65.3MB 1.适配iTunes12.10; 2.适配iPhone 12系列设备; 3.适配iOS 14系统; 6.10.17.1671 2020-9-29 60.6MB 1、适配ios14 2、优化照片管理 3、修改部分bug 6.10.17.1670 2020-6-23 60.4MB 1、新增照片去重功能 2、增加新机型适配 3、修改部分bug 6.10.16.1657 2020-5-25 63.4MB 1、新增照片去重功能 2、增加新机型适配 3、修改部分bug 6.10.13.1631 2020-3-16 62.6MB 1、优化苹果验机功能 2、增加新机型适配 3、修改部分bug 6.10.13.1629 2019-12-21 61.8MB 1、优化苹果验机功能 2、增加新机型适配 3、修改部分bug 6.10.13.1627 2019-12-10 61.9MB 1、优化苹果验机功能 2、增加新机型适配 3、修改部分bug 6.10.12.1596 2019-11-20 60.6MB 1、优化微信资料导出功能 2、增加新机型适配 3、修改部分bug 6.10.11.1581 2019-10-28 60.1MB 1、优化微信资料导出功能 2、增加新机型适配 3、修改部分bug 6.10.11.1577 2019-10-18 60.1MB 1、优化微信资料导出功能 2、增加新机型适配 3、修改部分bug 6.10.10.1533 2019-8-19 60.6MB 1.支持iOS13 beta版导入铃声 2.优化刷机功能，工具箱新增“跳过设置导向”功能 3.修复一些Bug 6.10.6.1213 2019-8-5 64MB 1.优化刷机操作流程，增加部分机型适配! 2.优化照片、视频导出功能! 3.修复一些bug! 6.10.5.1180 2019-3-20 60.7MB 1.优化刷机操作流程，解决部分刷机失败问题! 2.优化照片、视频导出功能! 3.修复一些bug! 6.10.3.1163 2019-2-26 60.5MB 1.优化刷机操作流程，解决部分刷机失败问题! 2.优化照片、视频导出功能! 3.修复appid登录失败问题! 6.10.3.1159 2018-1-10 60.5MB 1.优化刷机操作流程，解决部分刷机失败问题! 2.优化照片、视频导出功能! 3.修复appid登录失败问题! 6.9.1.1072 2018-11-23 59.9MB 1. 新增苹果刷机功能，支持最新ios12一键刷机! 2. 优化照片模块，照片查看更方便! 3. 铃声制作全新改版，手机铃声管理更快捷! 6.9.0.1061 2018-10-26 60.2MB 1. 新增苹果刷机功能，支持最新ios12一键刷机! 2. 优化照片模块，照片查看更方便! 3. 铃声制作全新改版，手机铃声管理更快捷! 6.8.2.1016 2018-9-30 59.4MB 1. 新增一键验机，快速辨别iPhone真伪! 2. 优化照片等数据的导入导出操作，速度快到飞起! 3. 智能深度清理，可释放近2G存储空间! 6.8.2.1009 2018-9-4 59.5MB 1. 新增一键验机，快速辨别iPhone真伪! 2. 优化照片等数据的导入导出操作，速度快到飞起! 3. 智能深度清理，可释放近2G存储空间! 6.8.1.998 2018-8-23 59.4MB 1. 新增一键验机，快速辨别iPhone真伪! 2. 优化照片等数据的导入导出操作，速度快到飞起! 3. 智能深度清理，可释放近2G存储空间! 6.7.0.933 2018-7-26 59.1MB 1. 优化照片等数据的导入导出操作，速度快到飞起! 2. 智能深度清理，可释放近2G存储空间! 6.6.0.885 2018-6-5 61.9MB 1.智能深度清理，可释放近2G存储空间! 2.工具箱大改版，分类清晰，简单易用! 6.5.2.839 2018-5-10 59.9MB 1.清理1GB以上的垃圾文件，降频也不怕! 2.首页大变身，辛辣小视频天天看 6.3.0.803 2018-4-16 59.4MB 1.清理1GB以上的垃圾文件，降频也不怕! 2.首页大变身，辛辣小视频天天看 6.2.3.763 2018-3-19 59MB 1.清理1GB以上的垃圾文件，降频也不怕! 2.首页大变身，辛辣小视频天天看 6.2.2.753 2018-2-9 63.5MB 冲顶大会答题助手，神器带你冲顶赚钱 1.支持安卓&苹果双平台微信聊天记录导出 2.群发祝福短信模板助力2018年春节 新增直播间，《荒岛特训》大神带你吃鸡! 6.2.1.715 2018-1-22 61.7MB 原价600元微信管理器免费开放!! 1.支持安卓&苹果双平台微信聊天记录导出 2.群发祝福短信模板助力2018年春节 新增直播间，《荒岛特训》大神带你吃鸡! 6.1.9.626 2018-1-2 51.7MB 原价600元微信管理器免费开放!! 1.支持安卓&苹果双平台微信聊天记录导出 2.独家PC微信支持双开，让沟通更方便 新增直播间，《荒岛特训》大神带你吃鸡! 6.1.9.626 2018-1-2 51.7MB 1.价值200元的微信多开功能独家免费! 2.新增小说模块《万古神帝》《择天记》畅快阅读! 6.1.8.615 2017-11-30 50.6MB 1.价值200元，iOS还原微信聊天记录到手机独家免费! 2.支持备份还原手机拍摄视频 3.支持iOS11照片(HEIC格式)导出电脑直接看 6.1.7.567 2017-11-6 49.7MB 1.价值200元，iOS微信管理功能独家免费! 2.支持导出/备份微信聊天记录到电脑 3.支持导出语音/图片/小视频到电脑 4.所有iOS版本，iOS11也可以用哦! 5.新增视频模块《反黑》《白夜追凶》任意下载! 6.1.5.527 2017-10-18 46.3MB 1.价值200元，iOS微信管理功能独家免费! 2.支持导出/备份微信聊天记录到电脑 3.支持导出语音/图片/小视频到电脑 4.支持导出excel、txt等office格式文档 5.所有iOS版本，iOS11也可以用哦! 6.1.3.395 2017-10-10 47.3MB 1.iOS11独家适配—支持格式HEIC照片任意操作 2.连接优化，成功率提升50% 3.MP4视频支持导入相册，找视频更方便 6.1.3.372 2017-9-14 38.7MB 1.备份还原化繁为简，保证数据无后顾之忧 2.内容推荐带你实时捕捉最新资讯 6.1.2.352 2017-8-25 39.4MB 1.连接优化，更准确的引导帮助你快速连接设备; 2.解决崩溃问题。 6.1.2.330 2017-8-21 36.2MB 1.苹果App更新更及时，0流量更新全部应用。 2.手机视频放入[视频]栏目，查找更方便。 小知识:苹果手机App出现闪退，请用[闪退修复]功能。 6.1.1.307 2017-7-31 35.5MB 1.下载中心新界面，壁纸、铃声、软件查找更方便; 2.通讯录导出提速30%，导出支持Excel格式; 6.1.0.265 2017-7-19 36.6MB 1.铃声频道7x24小时给力更新 2.群发短信全新升级，安卓手机一键群发 3.手机游戏电脑玩，支持王者荣耀等大作手游 6.0.9.226 2017-6-28 33.4MB 1.照片管理支持读取iOS设备的多种相簿，管理更便捷; 2.视频管理支持第三方播放器的下载、视频导入，不可错过的精彩好剧赶快保存; 3.全新推出的一键换机，给准备换手机的你，最快的数据迁移; 4.备份还原支持iOS照片还原，应用列表备份还原。 6.0.8.129 2017-6-6 31.5MB 1.短信、通讯录模块全新改版 2.铃声制作功能改版 3.新增壁纸设置、铃声设置引导 4.悬浮窗改版 5.省电优化、大文件清理、一键清理界面改版 6.解决已知BUG V6.0.8.123 2017-5-11 27.8MB 1.短信、通讯录模块全新改版 2.铃声制作功能改版 3.新增壁纸设置、铃声设置引导 4.悬浮窗改版 5.省电优化、大文件清理、一键清理界面改版 6.解决已知BUG V6.0.8.118 2017-5-4 27.7MB 1.短信、通讯录模块全新改版 2.铃声制作功能改版 3.新增壁纸设置、铃声设置引导 4.悬浮窗改版 5.省电优化、大文件清理、一键清理界面改版 6.解决已知BUG V6.0.7.77 2017-4-12 28MB 1.新增支持绑定“开启双重认证”的 Apple ID 2.新增热门搜索词，看大家都在玩什么 3.提升安装、删除、导入、导出等操作的性能，速度快到飞起 4.优化安卓设备usb连接的引导教程 5.改版部分界面让视觉体验更统一 V6.0.7.68 2017-4-7 28.1MB 1.新增支持绑定“开启双重认证”的 Apple ID 2.新增热门搜索词，看大家都在玩什么 3.提升安装、删除、导入、导出等操作的性能，速度快到飞起 4.优化安卓设备usb连接的引导教程 5.改版部分界面让视觉体验更统一 V6.0.7.67 2017-4-1 28.0MB 1.新增支持绑定“开启双重认证”的 Apple ID 2.新增热门搜索词，看大家都在玩什么 3.提升安装、删除、导入、导出等操作的性能，速度快到飞起 4.优化安卓设备usb连接的引导教程 5.改版部分界面让视觉体验更统一 V6.0.6.17 2017-3-24 27.9MB 1.兼容最新版iTunes(12.6.0.95) 2.修复bug V6.0.6.15 2017-3-21 27.9MB 1.解决照片压缩bug 2.解决奔溃问题 V6.0.6.10 2017-3-20 27.9MB 1.解决照片压缩bug 2.解决奔溃问题 参考资料 91助手官网-智能手机用户必备软件,-,0,8,2025-07-15 14:45:00,2025-07-15 14:45:00
93,'','',116,https://www.airdroid.cn/news/4376.html,airdroid.cn,手机怎么管控另一台手机玩手机的时间-AirDroid,手机怎么管控另一台手机玩手机的时间 当大家有远程管控另一台手机的需求时，选择合适的工具非常重要。一个合适的管理工具能让管理端做到随时管控，还能根据对方需求灵活调整。那么，该如何远程管控另一台手机呢？这里推荐使用AirDroid Parental Control这款手机管理软件，它最大的优势在于可跨系统使用，能同时兼容安卓和苹果系统，让不同系统设备的管控都能轻松实现。 AirDroid Parental Control管理原理 AirDroid Parental Control采用的是双端配合的管理模式。在管理端手机上，需要下载AirDroid Parental Control软件；而被管理端手机则要下载AirDroid Kids软件。当在管理端通过AirDroid Parental Control设置好各种使用规则后，被管理端的AirDroid Kids会依照这些规则来执行。 AirDroid Parental Control两种使用时间管理方式 （一）屏幕使用时间停用管理 这一管理方式主要是对手机屏幕的使用时间进行控制。当设置了停用时间后，在这个时间段内，手机屏幕会被锁定。 操作步骤也较为简单，打开AirDroid Parental Control，找到停用时间界面，点击添加计划。可以根据需求设置计划名称，然后设定具体的停用开始时间和结束时间，还能选择计划重复的周期，比如每天相同计划、或每周一到周日不同时间段停用等。一台被管理的手机能添加多个停用时间段，举三个计划参考：一是设置孩子每天晚上10点到早上6点为停用时间，保证孩子充足睡眠；二是设置每天下午4点到6点为停用时间，让孩子专注写作业；三是设置周末下午2点到4点为停用时间，鼓励孩子多进行户外活动。 （二）应用使用时限管理 这种管理方式针对的是手机上各个应用的使用时间。用户可以为不同的应用单独设置使用时限，当达到设定的时限后，该应用就无法再继续使用。这适用于防止被管理端过度沉迷于某类应用，如游戏、短视频等。 操作时在AirDroid Parental Control的应用限制列表里进行勾选操作。可单选某个应用，比如给游戏《王者荣耀》设置每天只能玩1小时；或单选应用的某个类别，如将所有游戏类应用归为一类进行统一的时间限制。需要注意的是，勾选类别的时候，后续再安装同类别的应用会直接被纳入这个管理计划中。例如，勾选了游戏类别并设置时限后，之后新安装的游戏也会受到同样的时间限制。 在使用这两种管理时间的设置时，还可以将始终需要用的软件添加到始终允许使用的列表里，像会议软件、学习软件、微信等，这些名单里的应用不会受上述两种管理措施的影响，始终可以正常使用，确保被管理端在受限情况下仍能保持必要的工作和学习功能。 正如开头所说，AirDroid Parental Control的一大优势就是可以随时调整管理计划。在已经设置好的计划中，无论是屏幕停用时间还是应用使用时限，都能随时根据实际情况进行修改。而且当被管理端手机因为各种原因需要延长使用时，也能向管理端手机发出请求。管理端手机收到请求后，点击允许就能单次延长使用时间，非常灵活。这种灵活的交互方式，既保证了管控的有效性，又考虑到了特殊情况的需求。 AirDroid Parental Control为大家提供了一种便捷、高效且灵活的手机管控方案，通过简单的操作就能实现对另一台手机使用时间的有效管理。,-,0,9,2025-07-15 14:45:00,2025-07-15 14:45:00
94,'','',117,https://blog.csdn.net/2501_92406411/article/details/148775092,CSDN,1. 好用的App云测试平台全攻略：从推荐到选择的完整指南 2025调研白皮书_云测 平台有哪些-CSDN博客,集成于Firebase生态，支持Android/iOS自动化测试（Robo测试、UI自动化等）和手动真机测试。 提供详细测试报告，包含性能指标、日志分析，支持与Crashlytics等产品联动。,06-19,0,1,2025-07-15 14:46:48,2025-07-15 14:46:48
95,'','',117,http://mp.weixin.qq.com/s?__biz=MzkwNDE3Mzg5Nw==&mid=2247513921&idx=1&sn=436c2f6ebce391b9a060feebbfe57846&chksm=c13e3660eff5b368a2def7b1b56699479708c2dae5227161ca2c2d77e23de36f3180dd064424#rd,|云巴巴严选云,2. 信创适配难×多端效率低？Testin云测AI自动化测试重塑企业测试效能边界,效率与成本失衡：传统自动化测试脚本编写和维护耗时，回归测试占用大量版本周期，导致人力成本高、测试效率低。敏捷与合规挑战：DevOps流程下，自动化测试覆盖率不足拖累发布节奏，金融、政企等行业对数据安全和设备管,04-30,0,2,2025-07-15 14:46:48,2025-07-15 14:46:48
96,'','',117,http://blog.csdn.net/weixin_44280696/article/details/146242158,CSDN,3. 开发者关注：软件测试工具有哪些？汇总28款工具_gm测试工具-CSDN博客,驱动的测试覆盖率优化，可自动识别冗余用例并推荐补充场景。其缺陷管理模块支持自定义工作流与优先级矩阵，实时生成质量趋势分析报告。已成功应用于航空航天、轨道交通等领域，帮助企业实现测试流程标准化与团队协作效率提升。,03-13,0,3,2025-07-15 14:46:48,2025-07-15 14:46:48
